player,team,date_of_birth,age,handed,center,left_wing,right_wing,defense,player_id
ALEX.OVECHKIN,WSH,"(17, 9, 1985)",33.0,1,0,1,1,0,0
HENRIK.ZETTERBERG,DET,"(9, 10, 1980)",38.0,0,1,0,0,0,1
JOHAN.FRANZEN,DET,"(23, 12, 1979)",39.0,0,0,1,1,0,2
MARIAN.HOSSA,ARI,"(12, 1, 1979)",40.0,0,0,0,1,0,3
DUNCAN.KEITH,CHI,"(16, 7, 1983)",35.0,0,0,0,0,1,4
NICKLAS.BACKSTROM,WSH,"(23, 11, 1987)",31.0,0,1,0,0,0,5
JEFF.CARTER,LAK,"(1, 1, 1985)",34.0,1,1,0,1,0,6
JORDAN.STAAL,CAR,"(10, 9, 1988)",30.0,0,1,1,0,0,7
SIDNEY.CROSBY,PIT,"(7, 8, 1987)",31.0,0,1,0,0,0,8
ZACH.PARISE,MIN,"(28, 7, 1984)",34.0,0,0,1,0,0,9
RYAN.SUTER,MIN,"(21, 1, 1985)",34.0,0,0,0,0,1,10
SHEA.WEBER,MTL,"(14, 8, 1985)",33.0,1,0,0,0,1,11
TAYLOR.HALL,NJD,"(14, 11, 1991)",27.0,0,1,1,0,0,12
TRAVIS.ZAJAC,NJD,"(13, 5, 1985)",34.0,1,1,0,0,0,13
RYAN.GETZLAF,ANA,"(10, 5, 1985)",34.0,1,1,0,0,0,14
ROMAN.JOSI,NSH,"(1, 6, 1990)",29.0,0,0,0,0,1,15
EVGENI.MALKIN,PIT,"(31, 7, 1986)",32.0,0,1,0,0,0,16
KRIS.LETANG,PIT,"(24, 4, 1987)",32.0,1,0,0,0,1,17
CLAUDE.GIROUX,PHI,"(12, 1, 1988)",31.0,1,1,1,1,0,18
DAVID.CLARKSON,VGK,"(31, 3, 1984)",35.0,1,0,0,1,0,19
NATHAN.HORTON,TOR,"(29, 5, 1985)",34.0,1,0,0,1,0,20
TRAVIS.HAMONIC,CGY,"(16, 8, 1990)",28.0,1,0,0,0,1,21
PATRICE.BERGERON,BOS,"(24, 7, 1985)",33.0,1,1,0,0,0,22
DUSTIN.BROWN,LAK,"(4, 11, 1984)",34.0,1,0,1,1,0,23
ZACH.BOGOSIAN,BUF,"(15, 7, 1990)",28.0,1,0,0,0,1,24
GABRIEL.LANDESKOG,COL,"(23, 11, 1992)",26.0,0,0,1,0,0,25
ALEX.PIETRANGELO,STL,"(18, 1, 1990)",29.0,1,0,0,0,1,26
RYAN.NUGENT-HOPKINS,EDM,"(12, 4, 1993)",26.0,0,1,1,0,0,27
PHIL.KESSEL,PIT,"(2, 10, 1987)",31.0,1,0,0,1,0,28
JONATHAN.ERICSSON,DET,"(2, 3, 1984)",35.0,0,0,0,0,1,29
JUSTIN.FAULK,CAR,"(20, 3, 1992)",27.0,1,0,0,0,1,30
RYAN.CALLAHAN,TBL,"(21, 3, 1985)",34.0,1,0,0,1,0,31
MARIAN.GABORIK,OTT,"(14, 2, 1982)",37.0,0,0,0,1,0,32
MATT.NISKANEN,PHI,"(6, 12, 1986)",32.0,1,0,0,0,1,33
PATRICK.KANE,CHI,"(19, 11, 1988)",30.0,0,1,0,1,0,34
JONATHAN.TOEWS,CHI,"(29, 4, 1988)",31.0,0,1,0,0,0,35
BRANDON.DUBINSKY,CBJ,"(29, 4, 1986)",33.0,0,1,1,0,0,36
ANDY.GREENE,NJD,"(30, 10, 1982)",36.0,0,0,0,0,1,37
P.K..SUBBAN,NJD,"(13, 5, 1989)",30.0,1,0,0,0,1,38
CLARKE.MACARTHUR,OTT,"(6, 4, 1985)",34.0,0,0,1,0,0,39
DAVID.KREJCI,BOS,"(28, 4, 1986)",33.0,1,1,0,0,0,40
JUSTIN.BRAUN,PHI,"(10, 2, 1987)",32.0,1,0,0,0,1,41
BOBBY.RYAN,OTT,"(17, 3, 1987)",32.0,1,0,1,1,0,42
JONAS.BRODIN,MIN,"(12, 7, 1993)",25.0,0,0,0,0,1,43
JAKE.MUZZIN,TOR,"(21, 2, 1989)",30.0,0,0,0,0,1,44
TJ.BRODIE,CGY,"(7, 6, 1990)",29.0,0,0,0,0,1,45
CHARLIE.COYLE,BOS,"(2, 3, 1992)",27.0,1,1,0,1,0,46
MARCO.SCANDELLA,BUF,"(23, 2, 1990)",29.0,0,0,0,0,1,47
BRENDAN.GALLAGHER,MTL,"(6, 5, 1992)",27.0,1,0,0,1,0,48
ALEC.MARTINEZ,LAK,"(26, 7, 1987)",31.0,0,0,0,0,1,49
NICK.FOLIGNO,CBJ,"(31, 10, 1987)",31.0,0,1,1,1,0,50
NICK.BJUGSTAD,PIT,"(17, 7, 1992)",26.0,1,1,0,1,0,51
MARC.STAAL,NYR,"(13, 1, 1987)",32.0,0,0,0,0,1,52
NICK.LEDDY,NYI,"(20, 3, 1991)",28.0,0,0,0,0,1,53
KYLE.CLIFFORD,LAK,"(13, 1, 1991)",28.0,0,0,1,0,0,54
JOHNNY.BOYCHUK,NYI,"(19, 1, 1984)",35.0,1,0,0,0,1,55
CHRISTOPHER.TANEV,VAN,"(20, 12, 1989)",29.0,1,0,0,0,1,56
JOHN.KLINGBERG,DAL,"(14, 8, 1992)",26.0,1,0,0,0,1,57
JEFF.PETRY,MTL,"(9, 12, 1987)",31.0,1,0,0,0,1,58
CARL.SODERBERG,COL,"(12, 10, 1985)",33.0,0,1,1,0,0,59
BRENDEN.DILLON,SJS,"(13, 11, 1990)",28.0,0,0,0,0,1,60
DOUGIE.HAMILTON,CAR,"(17, 6, 1993)",26.0,1,0,0,0,1,61
MATT.BELESKEY,NYR,"(7, 6, 1988)",31.0,0,0,1,0,0,62
MICHAEL.FROLIK,CGY,"(17, 2, 1988)",31.0,0,0,1,1,0,63
ARTEM.ANISIMOV,CHI,"(24, 5, 1988)",31.0,0,1,1,0,0,64
ANDREJ.SEKERA,EDM,"(8, 6, 1986)",33.0,0,0,0,0,1,65
BRANDON.SAAD,CHI,"(27, 10, 1992)",26.0,0,0,1,1,0,67
RYAN.O'REILLY,STL,"(7, 2, 1991)",28.0,0,1,0,0,0,68
VLADIMIR.TARASENKO,STL,"(13, 12, 1991)",27.0,0,0,0,1,0,71
RYAN.KESLER,ANA,"(31, 8, 1984)",34.0,1,1,0,1,0,77
CRAIG.SMITH,NSH,"(5, 9, 1989)",29.0,1,1,0,1,0,78
ADAM.LARSSON,EDM,"(12, 11, 1992)",26.0,1,0,0,0,1,80
DEREK.STEPAN,ARI,"(18, 6, 1990)",29.0,1,1,0,0,0,82
SEAN.COUTURIER,PHI,"(7, 12, 1992)",26.0,0,1,0,0,0,83
JAKUB.VORACEK,PHI,"(15, 8, 1989)",29.0,0,0,0,1,0,85
BRANDON.SUTTER,VAN,"(14, 2, 1989)",30.0,1,1,0,0,0,86
MARK.GIORDANO,CGY,"(3, 10, 1983)",35.0,0,0,0,0,1,89
CODY.EAKIN,VGK,"(24, 5, 1991)",28.0,0,1,0,0,0,90
DAVID.SAVARD,CBJ,"(22, 10, 1990)",28.0,1,0,0,0,1,92
OSCAR.KLEFBOM,EDM,"(20, 7, 1993)",25.0,0,0,0,0,1,96
ERIK.JOHNSON,COL,"(21, 3, 1988)",31.0,1,0,0,0,1,98
BRENT.SEABROOK,CHI,"(20, 4, 1985)",34.0,1,0,0,0,1,100
MATTIAS.EKHOLM,NSH,"(24, 5, 1990)",29.0,0,0,0,0,1,103
JUSTIN.ABDELKADER,DET,"(25, 2, 1987)",32.0,0,0,1,1,0,108
JARED.SPURGEON,MIN,"(29, 11, 1989)",29.0,1,0,0,0,1,114
ANZE.KOPITAR,LAK,"(24, 8, 1987)",31.0,0,1,0,0,0,116
ALEKSANDER.BARKOV,FLA,"(2, 9, 1995)",23.0,0,1,0,0,0,117
DUSTIN.BYFUGLIEN,WPG,"(27, 3, 1985)",34.0,1,0,0,0,1,118
OLLI.MAATTA,CHI,"(22, 8, 1994)",24.0,0,0,0,0,1,119
MORGAN.RIELLY,TOR,"(9, 3, 1994)",25.0,0,0,0,0,1,125
NAZEM.KADRI,TOR,"(6, 10, 1990)",28.0,0,1,0,0,0,126
KEVAN.MILLER,BOS,"(15, 11, 1987)",31.0,1,0,0,0,1,132
CASEY.CIZIKAS,NYI,"(27, 2, 1991)",28.0,0,1,0,0,0,133
SAMI.VATANEN,NJD,"(3, 6, 1991)",28.0,1,0,0,0,1,135
ALEX.GOLIGOSKI,ARI,"(30, 7, 1985)",33.0,0,0,0,0,1,136
RADKO.GUDAS,WSH,"(5, 6, 1990)",29.0,1,0,0,0,1,137
KEITH.YANDLE,FLA,"(9, 9, 1986)",32.0,0,0,0,0,1,138
TREVOR.LEWIS,LAK,"(8, 1, 1987)",32.0,1,1,1,1,0,139
FILIP.FORSBERG,NSH,"(13, 8, 1994)",24.0,1,0,1,0,0,140
ANDREW.SHAW,MTL,"(20, 7, 1991)",27.0,1,1,0,1,0,141
SETH.JONES,CBJ,"(3, 10, 1994)",24.0,1,0,0,0,1,143
STEVEN.STAMKOS,TBL,"(7, 2, 1990)",29.0,1,1,0,0,0,144
TOREY.KRUG,BOS,"(12, 4, 1991)",28.0,0,0,0,0,1,145
DAVID.SCHLEMKO,PHI,"(7, 5, 1987)",32.0,0,0,0,0,1,147
DALE.WEISE,MTL,"(5, 8, 1988)",30.0,1,0,1,1,0,148
MATT.MARTIN,NYI,"(8, 5, 1989)",30.0,0,0,1,1,0,150
MIKKEL.BOEDKER,OTT,"(16, 12, 1989)",29.0,0,0,1,1,0,151
DARREN.HELM,DET,"(21, 1, 1987)",32.0,0,1,1,1,0,153
DAVID.BACKES,BOS,"(1, 5, 1984)",35.0,1,1,0,1,0,154
FRANS.NIELSEN,DET,"(24, 4, 1984)",35.0,0,1,0,0,0,155
LOUI.ERIKSSON,VAN,"(17, 7, 1985)",33.0,0,0,1,1,0,156
ANDREW.LADD,NYI,"(12, 12, 1985)",33.0,0,0,1,0,0,157
MILAN.LUCIC,EDM,"(7, 6, 1988)",31.0,0,0,1,0,0,158
KYLE.OKPOSO,BUF,"(16, 4, 1988)",31.0,1,0,0,1,0,159
VICTOR.HEDMAN,TBL,"(18, 12, 1990)",28.0,0,0,0,0,1,160
AARON.EKBLAD,FLA,"(7, 2, 1996)",23.0,1,0,0,0,1,161
JASON.DEMERS,ARI,"(9, 6, 1988)",31.0,1,0,0,0,1,163
VINCENT.TROCHECK,FLA,"(11, 7, 1993)",25.0,1,1,0,1,0,164
REILLY.SMITH,VGK,"(1, 4, 1991)",28.0,0,0,1,1,0,165
KYLE.PALMIERI,NJD,"(1, 2, 1991)",28.0,1,0,1,1,0,166
MATHIEU.PERREAULT,WPG,"(5, 1, 1988)",31.0,0,1,1,0,0,167
NATHAN.MACKINNON,COL,"(1, 9, 1995)",23.0,1,1,0,1,0,168
MARK.SCHEIFELE,WPG,"(15, 3, 1993)",26.0,1,1,0,0,0,169
VICTOR.RASK,MIN,"(1, 3, 1993)",26.0,0,1,0,0,0,172
LUKE.GLENDENING,DET,"(28, 4, 1989)",30.0,1,1,1,1,0,173
JADEN.SCHWARTZ,STL,"(25, 6, 1992)",27.0,0,0,1,0,0,177
JAMIE.BENN,DAL,"(18, 7, 1989)",29.0,0,0,1,0,0,179
ALEX.KILLORN,TBL,"(14, 9, 1989)",29.0,0,0,1,0,0,180
CHRIS.KREIDER,NYR,"(30, 4, 1991)",28.0,0,0,1,0,0,182
BRAYDEN.SCHENN,STL,"(22, 8, 1991)",27.0,0,1,1,0,0,183
DANNY.DEKEYSER,DET,"(7, 3, 1990)",29.0,0,0,0,0,1,184
MIKE.HOFFMAN,FLA,"(24, 11, 1989)",29.0,0,0,1,1,0,185
CALLE.JARNKROK,NSH,"(25, 9, 1991)",27.0,1,1,1,0,0,187
CONNOR.MURPHY,CHI,"(26, 3, 1993)",26.0,1,0,0,0,1,188
TYSON.BARRIE,COL,"(26, 7, 1991)",27.0,1,0,0,0,1,189
SEAN.MONAHAN,CGY,"(12, 10, 1994)",24.0,0,1,0,0,0,193
JONATHAN.HUBERDEAU,FLA,"(4, 6, 1993)",26.0,0,1,1,0,0,196
ALEXANDER.STEEN,STL,"(1, 3, 1984)",35.0,0,1,1,1,0,200
BRAD.MARCHAND,BOS,"(11, 5, 1988)",31.0,0,0,1,0,0,202
JOHNNY.GAUDREAU,CGY,"(13, 8, 1993)",25.0,0,0,1,0,0,211
RASMUS.RISTOLAINEN,BUF,"(27, 10, 1994)",24.0,1,0,0,0,1,212
RICKARD.RAKELL,ANA,"(5, 5, 1993)",26.0,1,1,1,1,0,215
HAMPUS.LINDHOLM,ANA,"(20, 1, 1994)",25.0,0,0,0,0,1,218
BRENT.BURNS,SJS,"(9, 3, 1985)",34.0,1,0,0,0,1,222
CAL.CLUTTERBUCK,NYI,"(18, 11, 1987)",31.0,1,0,0,1,0,224
ZACK.SMITH,OTT,"(5, 4, 1988)",31.0,0,1,1,0,0,232
VLADIMIR.SOBOTKA,BUF,"(2, 7, 1987)",31.0,0,1,1,0,0,263
NIKITA.ZAITSEV,TOR,"(29, 10, 1991)",27.0,1,0,0,0,1,284
TANNER.PEARSON,VAN,"(10, 8, 1992)",26.0,0,0,1,0,0,288
MELKER.KARLSSON,SJS,"(18, 7, 1990)",28.0,1,1,0,1,0,290
TYLER.TOFFOLI,LAK,"(24, 4, 1992)",27.0,1,0,1,1,0,301
SHAYNE.GOSTISBEHERE,PHI,"(20, 4, 1993)",26.0,0,0,0,0,1,302
JONATHAN.DROUIN,MTL,"(28, 3, 1995)",24.0,0,1,1,1,0,303
ERIK.HAULA,VGK,"(23, 3, 1991)",28.0,0,1,1,0,0,304
PATRICK.EAVES,ANA,"(1, 5, 1984)",35.0,1,0,1,1,0,305
KRIS.RUSSELL,EDM,"(2, 5, 1987)",32.0,0,0,0,0,1,306
T.J..OSHIE,WSH,"(23, 12, 1986)",32.0,1,0,0,1,0,307
ZACK.KASSIAN,EDM,"(24, 1, 1991)",28.0,1,0,0,1,0,308
BRENDAN.SMITH,NYR,"(8, 2, 1989)",30.0,0,0,1,0,1,309
MICHAEL.STONE,CGY,"(7, 6, 1990)",29.0,1,0,0,0,1,312
DMITRY.ORLOV,WSH,"(23, 7, 1991)",27.0,0,0,0,0,1,314
MATT.HUNWICK,BUF,"(21, 5, 1985)",34.0,0,0,0,0,1,315
TREVOR.DALEY,DET,"(9, 10, 1983)",35.0,0,0,0,0,1,316
SAM.GAGNER,EDM,"(10, 8, 1989)",29.0,1,1,0,1,0,317
DMITRY.KULIKOV,WPG,"(29, 10, 1990)",28.0,0,0,0,0,1,318
TYLER.PITLICK,DAL,"(1, 11, 1991)",27.0,1,0,0,1,0,319
MARTIN.HANZAL,DAL,"(20, 2, 1987)",32.0,0,1,0,0,0,320
JUSTIN.SCHULTZ,PIT,"(6, 7, 1990)",28.0,1,0,0,0,1,323
NICK.BONINO,NSH,"(20, 4, 1988)",31.0,0,1,0,0,0,324
KEVIN.SHATTENKIRK,NYR,"(29, 1, 1989)",30.0,1,0,0,0,1,325
KARL.ALZNER,MTL,"(24, 9, 1988)",30.0,0,0,0,0,1,326
MARC-EDOUARD.VLASIC,SJS,"(30, 3, 1987)",32.0,0,0,0,0,1,327
CAM.FOWLER,ANA,"(5, 12, 1991)",27.0,0,0,0,0,1,328
PATRICK.MARLEAU,CAR,"(15, 9, 1979)",39.0,0,1,1,0,0,330
EVGENY.KUZNETSOV,WSH,"(19, 5, 1992)",27.0,0,1,0,0,0,331
ALEXANDER.RADULOV,DAL,"(5, 7, 1986)",32.0,0,0,0,1,0,332
JESPER.FAST,NYR,"(2, 12, 1991)",27.0,1,0,0,1,0,333
ALEX.GALCHENYUK,ARI,"(12, 2, 1994)",25.0,0,1,1,1,0,335
ZACH.HYMAN,TOR,"(9, 6, 1992)",27.0,1,0,1,0,0,336
CONNOR.MCDAVID,EDM,"(13, 1, 1997)",22.0,0,1,0,0,0,338
MARK.PYSYK,FLA,"(11, 1, 1992)",27.0,1,0,0,0,1,339
RADEK.FAKSA,DAL,"(9, 1, 1994)",25.0,0,1,0,0,0,342
TYLER.JOHNSON,TBL,"(29, 7, 1990)",28.0,1,1,1,1,0,343
JACCOB.SLAVIN,CAR,"(1, 5, 1994)",25.0,0,0,0,0,1,345
ONDREJ.PALAT,TBL,"(28, 3, 1991)",28.0,0,0,1,1,0,350
JEAN-GABRIEL.PAGEAU,OTT,"(11, 11, 1992)",26.0,1,1,0,0,0,357
FREDERICK.GAUDREAU,NSH,"(1, 5, 1993)",26.0,1,1,0,0,0,358
COLTON.PARAYKO,STL,"(12, 5, 1993)",26.0,1,0,0,0,1,360
TOMAS.TATAR,MTL,"(1, 12, 1990)",28.0,0,0,1,1,0,361
VIKTOR.ARVIDSSON,NSH,"(8, 4, 1993)",26.0,1,0,1,1,0,363
AUSTIN.WATSON,NSH,"(13, 1, 1992)",27.0,1,0,1,1,0,364
ADAM.PELECH,NYI,"(16, 8, 1994)",24.0,0,0,0,0,1,365
BRIAN.DUMOULIN,PIT,"(6, 9, 1991)",27.0,0,0,0,0,1,366
MIKA.ZIBANEJAD,NYR,"(18, 4, 1993)",26.0,1,1,0,0,0,367
RYAN.JOHANSEN,NSH,"(31, 7, 1992)",26.0,1,1,0,1,0,368
CONOR.SHEARY,BUF,"(8, 6, 1992)",27.0,0,0,1,1,0,369
NINO.NIEDERREITER,CAR,"(8, 9, 1992)",26.0,0,0,1,1,0,370
MIKAEL.GRANLUND,NSH,"(26, 2, 1992)",27.0,0,1,0,1,0,371
BRETT.PESCE,CAR,"(15, 11, 1994)",24.0,1,0,0,0,1,372
LEON.DRAISAITL,EDM,"(27, 10, 1995)",23.0,0,1,1,1,0,377
CONNOR.BROWN,TOR,"(14, 1, 1994)",25.0,1,0,1,1,0,378
ALEXANDER.WENNBERG,CBJ,"(22, 9, 1994)",24.0,0,1,0,0,0,379
BO.HORVAT,VAN,"(5, 4, 1995)",24.0,0,1,0,0,0,382
DAMON.SEVERSON,NJD,"(7, 8, 1994)",24.0,1,0,0,0,1,383
MARCUS.FOLIGNO,MIN,"(10, 8, 1991)",27.0,0,0,1,1,0,384
DAVID.PASTRNAK,BOS,"(25, 5, 1996)",23.0,1,0,0,1,0,385
BRYAN.LITTLE,WPG,"(12, 11, 1987)",31.0,1,1,0,1,0,386
MIKKO.KOIVU,MIN,"(12, 3, 1983)",36.0,0,1,0,0,0,388
JOSH.ANDERSON,CBJ,"(7, 5, 1994)",25.0,1,0,0,1,0,401
JACK.EICHEL,BUF,"(28, 10, 1996)",22.0,1,1,0,0,0,406
JOSH.MANSON,ANA,"(7, 10, 1991)",27.0,1,0,0,0,1,407
NIKOLAJ.EHLERS,WPG,"(14, 2, 1996)",23.0,0,0,1,1,0,408
MARK.BOROWIECKI,OTT,"(12, 7, 1989)",29.0,0,0,0,0,1,409
DEREK.FORBORT,LAK,"(4, 3, 1992)",27.0,0,0,0,0,1,412
KYLE.TURRIS,NSH,"(14, 8, 1989)",29.0,1,1,0,0,0,415
CAM.ATKINSON,CBJ,"(5, 6, 1989)",30.0,1,0,1,1,0,418
BRAYDEN.MCNABB,VGK,"(21, 1, 1991)",28.0,0,0,0,0,1,420
JONATHAN.MARCHESSAULT,VGK,"(27, 12, 1990)",28.0,1,0,1,1,0,428
SCOTT.MAYFIELD,NYI,"(14, 10, 1992)",26.0,1,0,0,0,1,429
YANNICK.WEBER,NSH,"(23, 9, 1988)",30.0,1,0,0,0,1,430
MATT.IRWIN,NSH,"(29, 11, 1987)",31.0,0,0,0,0,1,431
ANDREW.COGLIANO,DAL,"(14, 6, 1987)",32.0,0,1,1,1,0,432
JON.MERRILL,VGK,"(3, 2, 1992)",27.0,0,0,0,0,1,433
BEN.HARPUR,OTT,"(12, 1, 1995)",24.0,0,0,0,0,1,434
LARS.ELLER,WSH,"(8, 5, 1989)",30.0,0,1,0,0,0,435
COLTON.SCEVIOUR,FLA,"(20, 4, 1989)",30.0,1,0,0,1,0,436
MIKAEL.BACKLUND,CGY,"(17, 3, 1989)",30.0,0,1,0,0,0,437
NICOLAS.DESLAURIERS,MTL,"(22, 2, 1991)",28.0,0,0,1,1,0,438
ERIK.GUDBRANSON,PIT,"(7, 1, 1992)",27.0,1,0,0,0,1,439
JOSH.BAILEY,NYI,"(2, 10, 1989)",29.0,0,0,1,1,0,440
PATRIC.HORNQVIST,PIT,"(1, 1, 1987)",32.0,1,0,0,1,0,441
ALEX.BIEGA,VAN,"(4, 4, 1988)",31.0,1,0,0,0,1,442
ERIK.GUSTAFSSON,CHI,"(14, 3, 1992)",27.0,0,0,0,0,1,452
ASHTON.SAUTNER,VAN,"(27, 5, 1994)",25.0,0,0,0,0,1,458
DEAN.KUKAN,CBJ,"(8, 7, 1993)",25.0,0,0,0,0,1,465
NATHAN.GERBE,CBJ,"(24, 7, 1987)",31.0,0,0,1,1,0,466
MARKUS.NUTIVAARA,CBJ,"(6, 6, 1994)",25.0,0,0,0,0,1,492
RADIM.SIMEK,SJS,"(20, 9, 1992)",26.0,0,0,0,0,1,515
CASEY.NELSON,BUF,"(18, 7, 1992)",26.0,1,0,0,0,1,520
BRIAN.STRAIT,NJD,"(4, 1, 1988)",31.0,0,0,0,0,1,529
MARK.ALT,COL,"(18, 10, 1991)",27.0,1,0,0,0,1,533
MARK.BARBERIO,COL,"(23, 3, 1990)",29.0,0,0,0,0,1,534
EVANDER.KANE,SJS,"(2, 8, 1991)",27.0,0,0,1,0,0,545
JOSHUA.BROWN,FLA,"(21, 1, 1994)",25.0,1,0,0,0,1,551
DRAKE.CAGGIULA,CHI,"(20, 6, 1994)",25.0,0,1,1,1,0,560
JOHN.HAYDEN,NJD,"(14, 2, 1995)",24.0,1,1,0,1,0,561
VINNIE.HINOSTROZA,ARI,"(3, 4, 1994)",25.0,1,1,0,1,0,562
MATT.GRZELCYK,BOS,"(5, 1, 1994)",25.0,0,0,0,0,1,563
MAX.DOMI,MTL,"(2, 3, 1995)",24.0,0,1,1,0,0,565
MATTHEW.BENNING,EDM,"(25, 5, 1994)",25.0,1,0,0,0,1,566
STEPHEN.JOHNS,DAL,"(18, 4, 1992)",27.0,1,0,0,0,1,567
SAMUEL.MORIN,PHI,"(12, 7, 1995)",23.0,0,0,0,0,1,568
TYLER.BERTUZZI,DET,"(24, 2, 1995)",24.0,0,0,1,1,0,569
DOMINIK.SIMON,PIT,"(8, 8, 1994)",24.0,0,0,1,1,0,570
DANIEL.SPRONG,ANA,"(17, 3, 1997)",22.0,1,0,0,1,0,571
JOHN.CARLSON,WSH,"(10, 1, 1990)",29.0,1,0,0,0,1,572
BRYAN.RUST,PIT,"(11, 5, 1992)",27.0,1,0,1,1,0,574
J.T..MILLER,VAN,"(14, 3, 1993)",26.0,0,1,1,1,0,575
KEVIN.CONNAUTON,ARI,"(23, 2, 1990)",29.0,0,0,0,0,1,576
KYLE.RAU,MIN,"(24, 10, 1992)",26.0,0,1,1,0,0,577
VALENTIN.ZYKOV,VGK,"(15, 5, 1995)",24.0,1,0,1,0,0,578
SETH.HELGESON,NYI,"(8, 10, 1990)",28.0,0,0,0,0,1,579
MICHAL.KEMPNY,WSH,"(8, 9, 1990)",28.0,0,0,0,0,1,580
MIKE.GREEN,DET,"(12, 10, 1985)",33.0,1,0,0,0,1,581
RYAN.REAVES,VGK,"(20, 1, 1987)",32.0,1,0,0,1,0,582
AUSTIN.CZARNIK,CGY,"(12, 12, 1992)",26.0,1,0,1,1,0,583
JOAKIM.NORDSTROM,BOS,"(25, 2, 1992)",27.0,0,0,1,0,0,584
MATTHEW.PECA,MTL,"(27, 4, 1993)",26.0,0,1,1,0,0,585
J.T..BROWN,MIN,"(2, 7, 1990)",28.0,1,0,0,1,0,586
VALERI.NICHUSHKIN,DAL,"(4, 3, 1995)",24.0,0,0,1,1,0,587
BRANDON.MANNING,EDM,"(4, 6, 1990)",29.0,0,0,0,0,1,588
KYLE.BRODZIAK,EDM,"(25, 5, 1984)",35.0,1,1,0,0,0,589
TRAVIS.BOYD,WSH,"(14, 9, 1993)",25.0,1,1,0,1,0,590
MICHAEL.CHAPUT,ARI,"(9, 4, 1992)",27.0,0,1,0,0,0,591
SCOTT.WILSON,BUF,"(24, 4, 1992)",27.0,0,0,1,0,0,593
VLADISLAV.NAMESTNIKOV,NYR,"(22, 11, 1992)",26.0,0,1,1,1,0,594
TIM.SCHALLER,VAN,"(16, 11, 1990)",28.0,0,1,1,0,0,595
NICK.HOLDEN,VGK,"(15, 5, 1987)",32.0,0,0,0,0,1,596
CHRIS.TERRY,DET,"(7, 4, 1989)",30.0,0,0,1,1,0,599
MICHAEL.MERSCH,DAL,"(2, 10, 1992)",26.0,0,0,1,0,0,600
CURTIS.MCKENZIE,VGK,"(22, 2, 1991)",28.0,0,0,1,0,0,601
CHRIS.WAGNER,BOS,"(27, 5, 1991)",28.0,1,1,0,1,0,602
JARED.MCCANN,PIT,"(31, 5, 1996)",23.0,0,1,1,0,0,603
ILYA.KOVALCHUK,LAK,"(15, 4, 1983)",36.0,1,0,1,1,0,607
NIKLAS.HJALMARSSON,ARI,"(6, 6, 1987)",32.0,0,0,0,0,1,609
DEREK.RYAN,CGY,"(29, 12, 1986)",32.0,1,1,0,0,0,610
GREG.PATERYN,MIN,"(20, 6, 1990)",29.0,1,0,0,0,1,611
PAUL.STASTNY,VGK,"(27, 12, 1985)",33.0,0,1,0,0,0,612
TYLER.BOZAK,STL,"(19, 3, 1986)",33.0,1,1,0,0,0,613
NICK.SEELER,MIN,"(3, 6, 1993)",26.0,0,0,0,0,1,614
IAN.COLE,COL,"(21, 2, 1989)",30.0,0,0,0,0,1,615
BLAKE.COMEAU,DAL,"(18, 2, 1986)",33.0,1,0,1,1,0,616
MICHAEL.GRABNER,ARI,"(5, 10, 1987)",31.0,0,0,1,1,0,617
MATT.CALVERT,COL,"(24, 12, 1989)",29.0,0,0,1,1,0,619
RILEY.NASH,CBJ,"(9, 5, 1989)",30.0,1,1,0,1,0,620
SVEN.BAERTSCHI,VAN,"(5, 10, 1992)",26.0,0,0,1,0,0,621
JAY.BEAGLE,VAN,"(16, 10, 1985)",33.0,1,1,0,0,0,622
ANTOINE.ROUSSEL,VAN,"(21, 11, 1989)",29.0,0,0,1,0,0,623
DAVID.PERRON,STL,"(28, 5, 1988)",31.0,1,0,1,1,0,624
THOMAS.HICKEY,NYI,"(8, 2, 1989)",30.0,0,0,0,0,1,626
LEO.KOMAROV,NYI,"(23, 1, 1987)",32.0,0,1,1,1,0,628
JAMES.VAN.RIEMSDYK,PHI,"(5, 5, 1989)",30.0,0,0,1,0,0,630
JACK.JOHNSON,PIT,"(13, 1, 1987)",32.0,0,0,0,0,1,631
JOHN.MOORE,BOS,"(19, 11, 1990)",28.0,0,0,0,0,1,632
JOHN.TAVARES,TOR,"(20, 9, 1990)",28.0,0,1,0,0,0,633
RYAN.MCDONAGH,TBL,"(13, 6, 1989)",30.0,0,0,0,0,1,634
OLIVER.EKMAN-LARSSON,ARI,"(17, 7, 1991)",27.0,0,0,0,0,1,635
LOGAN.COUTURE,SJS,"(28, 3, 1989)",30.0,0,1,1,0,0,636
DREW.DOUGHTY,LAK,"(8, 12, 1989)",29.0,1,0,0,0,1,637
PAUL.THOMPSON,FLA,"(30, 11, 1988)",30.0,1,0,0,1,0,639
CARTER.ROWNEY,ANA,"(10, 5, 1989)",30.0,1,1,0,1,0,642
TOMAS.HERTL,SJS,"(12, 11, 1993)",25.0,0,1,0,1,0,644
JAMES.NEAL,CGY,"(3, 9, 1987)",31.0,0,0,1,1,0,645
COLIN.BLACKWELL,NSH,"(28, 3, 1993)",26.0,1,1,0,0,0,646
BRAD.RICHARDSON,ARI,"(4, 2, 1985)",34.0,0,1,0,0,0,647
JUSTIN.HOLL,TOR,"(30, 1, 1992)",27.0,1,0,0,0,1,648
SEAN.KURALY,BOS,"(20, 1, 1993)",26.0,0,1,1,0,0,649
CALVIN.DE.HAAN,CAR,"(9, 5, 1991)",28.0,0,0,0,0,1,651
JACOB.DE.LA.ROSE,DET,"(20, 5, 1995)",24.0,0,1,1,0,0,652
ANDREAS.ATHANASIOU,DET,"(6, 8, 1994)",24.0,0,1,1,1,0,653
TREVOR.VAN.RIEMSDYK,CAR,"(24, 7, 1991)",27.0,1,0,0,0,1,654
BOONE.JENNER,CBJ,"(15, 6, 1993)",26.0,0,1,1,0,0,655
RYAN.STROME,NYR,"(11, 7, 1993)",25.0,1,1,0,1,0,657
MATT.NIETO,COL,"(5, 11, 1992)",26.0,0,0,1,1,0,658
DYLAN.DEMELO,OTT,"(1, 5, 1993)",26.0,1,0,0,0,1,661
COLIN.MILLER,VGK,"(29, 10, 1992)",26.0,1,0,0,0,1,663
ROSS.JOHNSTON,NYI,"(18, 2, 1994)",25.0,0,0,1,0,0,665
NIKITA.KUCHEROV,TBL,"(17, 6, 1993)",26.0,0,0,0,1,0,666
FREDERIK.GAUTHIER,TOR,"(26, 4, 1995)",24.0,0,1,0,0,0,667
ANTHONY.MANTHA,DET,"(16, 9, 1994)",24.0,0,0,1,1,0,668
LUCAS.WALLMARK,CAR,"(5, 9, 1995)",23.0,0,1,0,0,0,671
JAMIE.OLEKSIAK,DAL,"(21, 12, 1992)",26.0,0,0,0,0,1,672
PAUL.LADUE,LAK,"(6, 9, 1992)",26.0,1,0,0,0,1,673
DEVIN.SHORE,ANA,"(19, 7, 1994)",24.0,0,1,1,1,0,674
COLBY.CAVE,EDM,"(26, 12, 1994)",24.0,0,1,0,0,0,677
KURTIS.MACDERMID,LAK,"(25, 3, 1994)",25.0,0,0,0,0,1,678
OLIVER.BJORKSTRAND,CBJ,"(10, 4, 1995)",24.0,1,0,0,1,0,679
PHILLIP.DANAULT,MTL,"(24, 2, 1993)",26.0,0,1,0,0,0,680
DEVON.TOEWS,NYI,"(21, 2, 1994)",25.0,0,0,0,0,1,684
ELIAS.LINDHOLM,CGY,"(2, 12, 1994)",24.0,1,1,0,1,0,685
ADAM.HENRIQUE,ANA,"(6, 2, 1990)",29.0,0,1,0,0,0,686
JIMMY.VESEY,NYR,"(26, 5, 1993)",26.0,0,0,1,1,0,687
RYAN.PULOCK,NYI,"(6, 10, 1994)",24.0,1,0,0,0,1,688
BLAKE.COLEMAN,NJD,"(28, 11, 1991)",27.0,0,1,1,1,0,689
CHRIS.TIERNEY,OTT,"(1, 7, 1994)",24.0,0,1,0,0,0,692
JOSH.CURRIE,EDM,"(29, 10, 1992)",26.0,1,1,0,1,0,693
MADISON.BOWEY,DET,"(22, 4, 1995)",24.0,1,0,0,0,1,696
ADAM.LOWRY,WPG,"(29, 3, 1993)",26.0,0,1,0,0,0,697
TROY.STECHER,VAN,"(7, 4, 1994)",25.0,1,0,0,0,1,698
MATT.DUMBA,MIN,"(25, 7, 1994)",24.0,1,0,0,0,1,699
WILLIAM.CARRIER,VGK,"(20, 12, 1994)",24.0,0,0,1,0,0,701
BRANDON.MONTOUR,BUF,"(11, 4, 1994)",25.0,1,0,0,0,1,702
TUCKER.POOLMAN,WPG,"(8, 6, 1993)",26.0,1,0,0,0,1,703
MARK.JANKOWSKI,CGY,"(13, 9, 1994)",24.0,0,1,0,0,0,704
DAN.HAMHUIS,NSH,"(13, 12, 1982)",36.0,0,0,0,0,1,705
JAKE.VIRTANEN,VAN,"(17, 8, 1996)",22.0,1,0,0,1,0,706
JASON.ZUCKER,MIN,"(16, 1, 1992)",27.0,0,0,1,1,0,707
TOM.WILSON,WSH,"(29, 3, 1994)",25.0,1,0,0,1,0,708
BRADY.SKJEI,NYR,"(26, 3, 1994)",25.0,0,0,0,0,1,709
MIIKKA.SALOMAKI,NSH,"(9, 3, 1993)",26.0,0,0,1,1,0,710
RYAN.SPOONER,VAN,"(30, 1, 1992)",27.0,0,1,1,0,0,712
ROBERT.HAGG,PHI,"(8, 2, 1995)",24.0,0,0,0,0,1,713
CHRISTIAN.DVORAK,ARI,"(2, 2, 1996)",23.0,0,1,1,0,0,715
DYLAN.LARKIN,DET,"(30, 7, 1996)",22.0,0,1,1,0,0,716
KEVIN.ROONEY,NJD,"(21, 5, 1993)",26.0,0,1,0,1,0,717
STEVEN.SANTINI,NSH,"(7, 3, 1995)",24.0,1,0,0,0,1,720
RYAN.ELLIS,NSH,"(3, 1, 1991)",28.0,1,0,0,0,1,721
ONDREJ.KASE,ANA,"(8, 11, 1995)",23.0,1,0,0,1,0,722
NOAH.HANIFIN,CGY,"(25, 1, 1997)",22.0,0,0,0,0,1,726
BLAKE.WHEELER,WPG,"(31, 8, 1986)",32.0,1,0,0,1,0,727
MATT.PUEMPEL,DET,"(24, 1, 1993)",26.0,0,0,1,0,0,728
MAX.PACIORETTY,VGK,"(20, 11, 1988)",30.0,0,0,1,0,0,729
JORDAN.SCHMALTZ,STL,"(8, 10, 1993)",25.0,1,0,0,0,1,730
TYLER.SEGUIN,DAL,"(31, 1, 1992)",27.0,1,1,0,1,0,732
JOSHUA.MORRISSEY,WPG,"(28, 3, 1995)",24.0,0,0,0,0,1,733
DARNELL.NURSE,EDM,"(4, 2, 1995)",24.0,0,0,0,0,1,734
SAM.REINHART,BUF,"(6, 11, 1995)",23.0,1,1,0,1,0,735
MILES.WOOD,NJD,"(13, 9, 1995)",23.0,0,0,1,0,0,741
PAUL.BYRON,MTL,"(27, 4, 1989)",30.0,0,0,1,1,0,743
SHEA.THEODORE,VGK,"(3, 8, 1995)",23.0,0,0,0,0,1,747
BARCLAY.GOODROW,SJS,"(26, 2, 1993)",26.0,0,1,0,1,0,753
CORY.CONACHER,TBL,"(14, 12, 1989)",29.0,0,0,1,0,0,755
NICK.RITCHIE,ANA,"(5, 12, 1995)",23.0,0,0,1,0,0,757
ALEX.TUCH,VGK,"(10, 5, 1996)",23.0,1,0,0,1,0,758
NATE.SCHMIDT,VGK,"(16, 7, 1991)",27.0,0,0,0,0,1,760
YANNI.GOURDE,TBL,"(15, 12, 1991)",27.0,0,1,1,1,0,763
MATT.DONOVAN,NSH,"(9, 5, 1990)",29.0,0,0,0,0,1,764
JAKOB.CHYCHRUN,ARI,"(31, 3, 1998)",21.0,0,0,0,0,1,766
WILLIAM.NYLANDER,TOR,"(1, 5, 1996)",23.0,1,1,0,1,0,767
CALLE.ROSEN,TOR,"(2, 2, 1994)",25.0,0,0,0,0,1,769
ROBERT.BORTUZZO,STL,"(18, 3, 1989)",30.0,1,0,0,0,1,773
JAKE.GUENTZEL,PIT,"(6, 10, 1994)",24.0,0,0,1,1,0,775
LUKAS.RADIL,SJS,"(5, 8, 1990)",28.0,0,0,1,0,0,777
TREVOR.MOORE,TOR,"(31, 3, 1995)",24.0,0,0,1,1,0,778
MARCUS.SORENSEN,SJS,"(7, 4, 1992)",27.0,0,0,1,0,0,779
TEUVO.TERAVAINEN,CAR,"(11, 9, 1994)",24.0,0,0,1,1,0,780
JORDAN.MARTINOOK,CAR,"(25, 7, 1992)",26.0,0,1,1,1,0,782
AUSTON.MATTHEWS,TOR,"(17, 9, 1997)",21.0,0,1,0,0,0,784
MACKENZIE.MACEACHERN,STL,"(9, 3, 1994)",25.0,0,0,1,1,0,785
JORDAN.OESTERLE,ARI,"(25, 6, 1992)",27.0,0,0,0,0,1,786
JOEL.HANLEY,DAL,"(8, 6, 1991)",28.0,0,0,0,0,1,787
NICK.JENSEN,WSH,"(21, 9, 1990)",28.0,1,0,0,0,1,788
FRANK.VATRANO,FLA,"(14, 3, 1994)",25.0,0,0,1,1,0,789
STEVEN.FOGARTY,NYR,"(19, 4, 1993)",26.0,1,1,0,1,0,791
ERIC.STAAL,MIN,"(29, 10, 1984)",34.0,0,1,0,0,0,792
LAURENT.DAUPHIN,NSH,"(27, 3, 1995)",24.0,0,1,0,1,0,794
CONOR.GARLAND,ARI,"(11, 3, 1996)",23.0,1,0,1,1,0,795
ZAC.DALPE,CBJ,"(1, 11, 1989)",29.0,1,1,0,0,0,796
JAKOB.SILFVERBERG,ANA,"(13, 10, 1990)",28.0,1,0,1,1,0,801
ANDREAS.BORGMAN,TOR,"(18, 6, 1995)",24.0,0,0,0,0,1,805
MARK.STONE,VGK,"(13, 5, 1992)",27.0,1,0,0,1,0,809
JUSTIN.DOWLING,DAL,"(1, 10, 1990)",28.0,0,1,0,0,0,810
BRIAN.LASHOFF,DET,"(16, 7, 1990)",28.0,0,0,0,0,1,819
NICOLAS.PETAN,TOR,"(22, 3, 1995)",24.0,0,1,1,1,0,835
ZDENO.CHARA,BOS,"(18, 3, 1977)",42.0,0,0,0,0,1,839
PAUL.CAREY,BOS,"(24, 9, 1988)",30.0,0,1,0,0,0,843
MICHAEL.RAFFL,PHI,"(1, 12, 1988)",30.0,0,0,1,1,0,844
CARL.DAHLSTROM,CHI,"(28, 1, 1995)",24.0,0,0,0,0,1,847
NICK.SCHMALTZ,ARI,"(23, 2, 1996)",23.0,1,1,0,0,0,853
JAY.BOUWMEESTER,STL,"(27, 9, 1983)",35.0,0,0,0,0,1,866
NIC.DOWD,WSH,"(27, 5, 1990)",29.0,1,1,0,0,0,867
CHRISTIAN.FOLIN,MTL,"(9, 2, 1991)",28.0,1,0,0,0,1,875
NATE.THOMPSON,MTL,"(5, 10, 1984)",34.0,0,1,0,0,0,882
JOSEPH.CRAMAROSSA,PIT,"(26, 10, 1992)",26.0,0,1,0,0,0,883
JORDAN.WEAL,MTL,"(15, 4, 1992)",27.0,1,1,1,0,0,885
ANTON.BLIDH,BOS,"(14, 3, 1995)",24.0,0,0,1,0,0,891
JAN.RUTTA,TBL,"(29, 7, 1990)",28.0,1,0,0,0,1,897
DYLAN.MCILRATH,DET,"(20, 4, 1992)",27.0,1,0,0,0,1,905
SLATER.KOEKKOEK,CHI,"(18, 2, 1994)",25.0,0,0,0,0,1,912
ESA.LINDELL,DAL,"(23, 5, 1994)",25.0,0,0,0,0,1,919
CHAD.RUHWEDEL,PIT,"(7, 5, 1990)",29.0,1,0,0,0,1,925
BROCK.NELSON,NYI,"(15, 10, 1991)",27.0,0,1,1,0,0,927
BRETT.KULAK,MTL,"(6, 1, 1994)",25.0,0,0,0,0,1,930
XAVIER.OUELLET,MTL,"(29, 7, 1993)",25.0,0,0,0,0,1,931
JARRED.TINORDI,NSH,"(20, 2, 1992)",27.0,0,0,0,0,1,938
JOSEPH.GAMBARDELLA,EDM,"(1, 12, 1993)",25.0,0,0,1,0,0,940
JUUSO.RIIKOLA,PIT,"(9, 11, 1993)",25.0,0,0,0,0,1,941
LOGAN.SHAW,WPG,"(5, 10, 1992)",26.0,1,1,0,1,0,945
TANNER.FRITZ,NYI,"(20, 8, 1991)",27.0,1,1,0,1,0,949
BRAD.MALONE,EDM,"(20, 5, 1989)",30.0,0,1,1,0,0,951
SETH.GRIFFITH,WPG,"(4, 1, 1993)",26.0,1,1,0,1,0,952
ROBBIE.RUSSO,ARI,"(15, 2, 1993)",26.0,1,0,0,0,1,953
ROMAN.POLAK,DAL,"(28, 4, 1986)",33.0,1,0,0,0,1,955
JC.LIPON,WPG,"(10, 7, 1993)",25.0,1,0,0,1,0,956
MATTIAS.JANMARK,DAL,"(8, 12, 1992)",26.0,0,1,1,0,0,957
JEFF.SKINNER,BUF,"(16, 5, 1992)",27.0,0,0,1,1,0,958
LIAM.O'BRIEN,WSH,"(29, 7, 1994)",24.0,0,1,0,0,0,959
MATT.BARTKOWSKI,MIN,"(4, 6, 1988)",31.0,0,0,0,0,1,964
CAMERON.GAUNCE,TBL,"(19, 3, 1990)",29.0,0,0,0,0,1,968
GUSTAV.OLOFSSON,MTL,"(1, 12, 1994)",24.0,0,0,0,0,1,969
ILYA.LYUBUSHKIN,ARI,"(6, 4, 1994)",25.0,1,0,0,0,1,970
JORDAN.EBERLE,NYI,"(15, 5, 1990)",29.0,1,0,0,1,0,971
CARL.HAGELIN,WSH,"(23, 8, 1988)",30.0,0,0,1,0,0,974
ANTHONY.DUCLAIR,OTT,"(26, 8, 1995)",23.0,0,0,1,1,0,975
MARKUS.HANNIKAINEN,CBJ,"(26, 3, 1993)",26.0,0,0,1,0,0,976
ERIK.KARLSSON,SJS,"(31, 5, 1990)",29.0,1,0,0,0,1,978
BRAYDON.COBURN,TBL,"(27, 2, 1985)",34.0,0,0,0,0,1,979
KEVIN.HAYES,PHI,"(8, 5, 1992)",27.0,0,1,0,0,0,980
DEREK.GRANT,ANA,"(20, 4, 1990)",29.0,0,1,0,1,0,982
KORBINIAN.HOLZER,ANA,"(16, 2, 1988)",31.0,1,0,0,0,1,983
ALEXANDER.EDLER,VAN,"(21, 4, 1986)",33.0,0,0,0,0,1,984
JORDAN.NOLAN,STL,"(23, 6, 1989)",30.0,0,0,1,0,0,986
BRAD.HUNT,MIN,"(24, 8, 1988)",30.0,0,0,0,0,1,987
TRAVIS.SANHEIM,PHI,"(29, 3, 1996)",23.0,0,0,0,0,1,988
TOMAS.KABERLE,-,"(2, 3, 1978)",32.0,0,0,0,0,1,991
BRAD.RICHARDS,-,"(2, 5, 1980)",30.0,0,1,1,0,0,993
BRYAN.MCCABE,-,"(8, 6, 1975)",35.0,0,0,0,0,1,994
JAMIE.LANGENBRUNNER,-,"(24, 7, 1975)",34.0,1,0,0,1,0,995
ED.JOVANOVSKI,-,"(26, 6, 1976)",34.0,0,0,0,0,1,996
JUSTIN.WILLIAMS,CAR,"(4, 10, 1981)",28.0,1,0,0,1,0,997
JASON.ARNOTT,-,"(11, 10, 1974)",35.0,1,1,0,0,0,998
JIM.VANDERMEER,-,"(21, 2, 1980)",30.0,0,0,0,0,1,999
PATRIK.ELIAS,-,"(13, 4, 1976)",34.0,0,1,1,0,0,1000
ALES.HEMSKY,-,"(13, 8, 1983)",26.0,1,0,0,1,0,1001
SIMON.GAGNE,-,"(29, 2, 1980)",30.0,0,0,0,1,0,1002
BRENDEN.MORROW,-,"(16, 1, 1979)",31.0,0,0,1,0,0,1003
NIKLAS.KRONWALL,DET,"(12, 1, 1981)",29.0,0,0,0,0,1,1004
SHANE.DOAN,-,"(10, 10, 1976)",33.0,1,0,1,1,0,1005
ERIC.BREWER,-,"(17, 4, 1979)",31.0,0,0,0,0,1,1006
TY.WISHART,-,"(19, 5, 1988)",22.0,0,0,0,0,1,1007
SAMI.SALO,-,"(2, 9, 1974)",35.0,1,0,0,0,1,1008
CORY.EMMERTON,-,"(1, 6, 1988)",22.0,0,1,0,0,0,1009
PAVEL.DATSYUK,-,"(20, 7, 1978)",31.0,0,1,1,0,0,1010
BOBBY.SANGUINETTI,-,"(29, 2, 1988)",22.0,1,0,0,0,1,1011
CHRIS.PHILLIPS,-,"(9, 3, 1978)",32.0,0,0,0,0,1,1012
JAMIE.MCGINN,FLA,"(5, 8, 1988)",21.0,0,0,1,1,0,1013
KIMMO.TIMONEN,-,"(18, 3, 1975)",35.0,0,0,0,0,1,1014
ANDREI.MARKOV,-,"(20, 12, 1978)",31.0,0,0,0,0,1,1015
KASPARS.DAUGAVINS,-,"(18, 5, 1988)",22.0,0,1,1,0,0,1016
PATRIK.BERGLUND,-,"(2, 6, 1988)",22.0,0,1,1,0,0,1017
MATTHEW.CORRENTE,-,"(17, 3, 1988)",22.0,1,0,0,0,1,1018
BRYAN.ALLEN,-,"(21, 8, 1980)",29.0,0,0,0,0,1,1019
SCOTT.HARTNELL,-,"(18, 4, 1982)",28.0,0,0,1,0,0,1020
CRAIG.RIVET,-,"(13, 9, 1974)",35.0,1,0,0,0,1,1021
RYAN.SMYTH,-,"(21, 2, 1976)",34.0,0,0,1,0,0,1022
SCOTT.HANNAN,-,"(23, 1, 1979)",31.0,0,0,0,0,1,1023
BRIAN.RAFALSKI,-,"(28, 9, 1973)",36.0,1,0,0,0,1,1024
JOE.THORNTON,SJS,"(2, 7, 1979)",30.0,0,1,0,0,0,1025
JASON.BLAKE,-,"(2, 9, 1973)",36.0,0,0,1,0,0,1026
RYAN.WHITNEY,-,"(19, 2, 1983)",27.0,0,0,0,0,1,1027
MICHAL.HANDZUS,-,"(11, 3, 1977)",33.0,0,1,0,0,0,1028
MICHAEL.NYLANDER,-,"(3, 10, 1972)",37.0,0,1,0,0,0,1029
DAINIUS.ZUBRUS,-,"(16, 6, 1978)",32.0,0,0,1,0,0,1030
ROBYN.REGEHR,-,"(19, 4, 1980)",30.0,0,0,0,0,1,1031
JAROME.IGINLA,-,"(1, 7, 1977)",32.0,1,0,0,1,0,1032
THOMAS.VANEK,DET,"(19, 1, 1984)",26.0,1,0,1,1,0,1033
KEVIN.BIEKSA,-,"(16, 6, 1981)",29.0,1,0,0,0,1,1034
LUBOMIR.VISNOVSKY,-,"(11, 8, 1976)",33.0,0,0,0,0,1,1035
DEREK.ROY,-,"(4, 5, 1983)",27.0,0,1,0,0,0,1038
DUSTIN.PENNER,-,"(28, 9, 1982)",27.0,0,0,0,1,0,1039
ZACH.HAMILL,-,"(23, 9, 1988)",21.0,1,1,0,0,0,1040
JIM.O'BRIEN,OTT,"(29, 1, 1989)",21.0,1,1,0,0,0,1041
STEPHEN.WEISS,-,"(3, 4, 1983)",27.0,0,1,0,0,0,1042
MILAN.MICHALEK,-,"(7, 12, 1984)",25.0,0,0,1,1,0,1043
CHRIS.KUNITZ,CHI,"(26, 9, 1979)",30.0,0,0,1,1,0,1044
MIKE.FISHER,-,"(5, 6, 1980)",30.0,1,1,0,0,0,1045
DANY.HEATLEY,-,"(21, 1, 1981)",29.0,0,0,1,0,0,1046
RADEK.MARTINEK,-,"(31, 8, 1976)",33.0,1,0,0,0,1,1047
DUSTIN.JEFFREY,-,"(27, 2, 1988)",22.0,0,1,0,0,0,1048
NICK.PALMIERI,-,"(12, 7, 1989)",20.0,1,0,0,1,0,1049
PATRICK.MAROON,STL,"(23, 4, 1988)",22.0,0,0,1,1,0,1050
JASON.SPEZZA,DAL,"(13, 6, 1983)",27.0,1,1,0,1,0,1051
MATTHEW.CARLE,-,"(25, 9, 1984)",25.0,0,0,0,0,1,1054
DAVID.LEGWAND,-,"(17, 8, 1980)",29.0,0,1,1,0,0,1055
SHAWN.MATTHIAS,-,"(19, 2, 1988)",22.0,0,1,1,0,0,1056
JONATHON.BLUM,-,"(30, 1, 1989)",21.0,1,0,0,0,1,1057
WAYNE.SIMMONDS,NSH,"(26, 8, 1988)",21.0,1,0,1,1,0,1058
MIKE.RIBEIRO,-,"(10, 2, 1980)",30.0,0,1,0,0,0,1059
BRENT.SOPEL,-,"(7, 1, 1977)",33.0,1,0,0,0,1,1060
PATRICK.SHARP,-,"(27, 12, 1981)",28.0,1,1,1,0,0,1061
DANIEL.CLEARY,-,"(18, 12, 1978)",31.0,0,0,0,1,0,1062
DION.PHANEUF,-,"(10, 4, 1985)",25.0,0,0,0,0,1,1063
JASON.CHIMERA,-,"(2, 5, 1979)",31.0,0,0,1,1,0,1064
FEDOR.TYUTIN,-,"(19, 7, 1983)",26.0,0,0,0,0,1,1065
NICK.SCHULTZ,-,"(25, 8, 1982)",27.0,0,0,0,0,1,1066
DAN.BOYLE,-,"(12, 7, 1976)",33.0,1,0,0,0,1,1067
BARRET.JACKMAN,-,"(5, 3, 1981)",29.0,0,0,0,0,1,1068
BRAD.BOYES,-,"(17, 4, 1982)",28.0,1,1,0,1,0,1069
BEN.MAXWELL,-,"(30, 3, 1988)",22.0,0,1,0,0,0,1070
ANDREW.MURRAY,-,"(6, 11, 1981)",28.0,0,1,0,0,0,1071
JESSE.JOENSUU,-,"(5, 10, 1987)",22.0,0,0,1,0,0,1072
COLTON.GILLIES,-,"(12, 2, 1989)",21.0,0,1,0,0,0,1073
FRAZER.MCLAREN,-,"(29, 10, 1987)",22.0,0,0,1,0,0,1076
CHRIS.BUTLER,STL,"(27, 10, 1986)",23.0,0,0,0,0,1,1078
JAN.HEJDA,-,"(18, 6, 1978)",32.0,0,0,0,0,1,1082
BRETT.MACLEAN,-,"(24, 12, 1988)",21.0,1,0,0,1,0,1083
RYAN.CARTER,-,"(3, 8, 1983)",26.0,0,1,1,0,0,1084
KEATON.ELLERBY,-,"(5, 11, 1988)",21.0,0,0,0,0,1,1085
RYAN.WHITE,-,"(17, 3, 1988)",22.0,1,1,0,0,0,1086
MARTIN.ERAT,-,"(29, 8, 1981)",28.0,0,0,0,1,0,1087
CHUCK.KOBASEW,-,"(17, 4, 1982)",28.0,1,0,0,1,0,1088
TJ.GALIARDI,-,"(22, 4, 1988)",22.0,0,0,1,0,0,1089
BRETT.BELLEMORE,-,"(25, 6, 1988)",22.0,1,0,0,0,1,1090
MICHEAL.HALEY,SJS,"(30, 3, 1986)",24.0,0,1,0,0,0,1092
MAXIM.NOREAU,-,"(24, 5, 1987)",23.0,1,0,0,0,1,1093
MATT.BRADLEY,-,"(13, 6, 1978)",32.0,1,0,1,1,0,1095
TIM.GLEASON,-,"(29, 1, 1983)",27.0,0,0,0,0,1,1097
CHRIS.KELLY,-,"(11, 11, 1980)",29.0,0,1,1,0,0,1098
PAUL.GAUSTAD,-,"(3, 2, 1982)",28.0,0,1,1,0,0,1099
JOHN-MICHAEL.LILES,-,"(25, 11, 1980)",29.0,0,0,0,0,1,1100
BRAD.STUART,-,"(6, 11, 1979)",30.0,0,0,0,0,1,1101
ERIC.GODARD,-,"(7, 3, 1980)",30.0,1,0,0,1,0,1102
BRIAN.CAMPBELL,-,"(23, 5, 1979)",31.0,0,0,0,0,1,1103
ADAM.HALL,-,"(14, 8, 1980)",29.0,1,0,0,1,0,1105
VIKTOR.TIKHONOV,-,"(12, 5, 1988)",22.0,1,1,0,1,0,1106
MICHAEL.RYDER,-,"(31, 3, 1980)",30.0,1,0,0,1,0,1107
COREY.PERRY,-,"(16, 5, 1985)",25.0,1,0,0,1,0,1108
MATT.HALISCHUK,-,"(1, 6, 1988)",22.0,1,0,0,1,0,1109
ANDREI.KOSTITSYN,-,"(3, 2, 1985)",25.0,0,1,0,0,0,1110
KURT.SAUER,-,"(16, 1, 1981)",29.0,0,0,0,0,1,1111
PASCAL.DUPUIS,-,"(7, 4, 1979)",31.0,0,0,1,1,0,1112
MICHAL.ROZSIVAL,-,"(3, 9, 1978)",31.0,1,0,0,0,1,1113
RADIM.VRBATA,-,"(13, 6, 1981)",29.0,1,0,0,1,0,1114
RYAN.WILSON,-,"(3, 2, 1987)",23.0,0,0,0,0,1,1115
NIKLAS.HAGMAN,-,"(5, 12, 1979)",30.0,0,0,1,0,0,1116
PATRICK.RISSMILLER,-,"(26, 10, 1978)",31.0,0,0,1,0,0,1117
BRYCE.SALVADOR,-,"(11, 2, 1976)",34.0,0,0,0,0,1,1118
MARK.STREIT,-,"(11, 12, 1977)",32.0,0,0,0,0,1,1119
DARCY.HORDICHUK,-,"(10, 8, 1980)",29.0,0,0,1,0,0,1120
CORY.STILLMAN,-,"(20, 12, 1973)",36.0,0,0,1,0,0,1121
JONI.PITKANEN,-,"(19, 9, 1983)",26.0,0,0,0,0,1,1122
CURTIS.GLENCROSS,-,"(28, 12, 1982)",27.0,0,0,1,0,0,1123
JARKKO.RUUTU,-,"(23, 8, 1975)",34.0,0,0,1,0,0,1124
RON.HAINSEY,TOR,"(24, 3, 1981)",29.0,0,0,0,0,1,1125
STU.BICKEL,-,"(2, 10, 1986)",23.0,1,0,0,1,1,1126
SEAN.AVERY,-,"(10, 4, 1980)",30.0,0,1,0,0,0,1127
ANTTI.MIETTINEN,-,"(3, 7, 1980)",29.0,1,0,0,1,0,1128
TAYLOR.CHORNEY,-,"(27, 4, 1987)",23.0,0,0,0,0,1,1129
R.J..UMBERGER,-,"(3, 5, 1982)",28.0,0,1,0,0,0,1131
BROOKS.LAICH,-,"(23, 6, 1983)",27.0,0,1,1,0,0,1132
JOSH.GORGES,-,"(14, 8, 1984)",25.0,0,0,0,0,1,1133
CHRISTIAN.EHRHOFF,-,"(6, 7, 1982)",27.0,0,0,0,0,1,1134
RYAN.O'BYRNE,-,"(19, 7, 1984)",25.0,1,0,0,0,1,1137
SHAWN.HORCOFF,-,"(17, 9, 1978)",31.0,0,1,0,0,0,1138
PETER.HARROLD,-,"(8, 6, 1983)",27.0,1,0,0,1,1,1140
KEVIN.MARSHALL,-,"(10, 3, 1989)",21.0,0,0,0,0,1,1141
DENNIS.WIDEMAN,-,"(20, 3, 1983)",27.0,1,0,0,0,1,1142
BRUNO.GERVAIS,-,"(3, 10, 1984)",25.0,1,0,0,0,1,1143
PIERRE-MARC.BOUCHARD,-,"(27, 4, 1984)",26.0,0,0,0,1,0,1144
DRAYSON.BOWMAN,-,"(8, 3, 1989)",21.0,0,0,1,0,0,1145
VALTTERI.FILPPULA,NYI,"(20, 3, 1984)",26.0,0,1,1,0,0,1146
JERRED.SMITHSON,-,"(4, 2, 1979)",31.0,1,1,0,0,0,1147
ANDREJ.MESZAROS,-,"(13, 10, 1985)",24.0,0,0,0,0,1,1150
TOMAS.KUNDRATEK,-,"(26, 12, 1989)",20.0,1,1,0,0,0,1151
AKIM.ALIU,-,"(24, 4, 1989)",21.0,1,0,0,1,0,1152
NICK.SPALING,-,"(19, 9, 1988)",21.0,0,1,1,0,0,1153
ANDREI.LOKTIONOV,-,"(30, 5, 1990)",20.0,0,1,0,0,0,1154
SLAVA.VOYNOV,-,"(15, 1, 1990)",20.0,1,0,0,0,1,1155
JARRET.STOLL,-,"(24, 6, 1982)",28.0,1,1,0,0,0,1157
JASON.POMINVILLE,BUF,"(30, 11, 1982)",27.0,1,0,0,1,0,1158
DOUGLAS.MURRAY,-,"(12, 3, 1980)",30,0,0,0,0,1,1161
MARK.CUNDARI,-,"(23, 4, 1990)",20,0,0,0,0,1,1162
TYLER.KENNEDY,-,"(15, 7, 1986)",23,1,1,0,0,0,1163
LUCA.SBISA,NYI,"(30, 1, 1990)",20,0,0,0,0,1,1164
JUSTIN.FALK,OTT,"(11, 10, 1988)",21,0,0,0,0,1,1165
ZACH.BOYCHUK,-,"(4, 10, 1989)",20,0,0,1,1,0,1166
CODY.HODGSON,-,"(18, 2, 1990)",20,1,1,0,1,0,1167
LUKE.SCHENN,VAN,"(2, 11, 1989)",20,1,0,0,0,1,1168
BROOKS.ORPIK,WSH,"(26, 9, 1980)",29,0,0,0,0,1,1169
ANDREW.CAMPBELL,CHI,"(4, 2, 1988)",22,0,0,0,0,1,1170
MATT.GREENE,-,"(13, 5, 1983)",27,1,0,0,0,1,1171
JOHN.ERSKINE,-,"(26, 6, 1980)",30,0,0,0,0,1,1172
ALEX.GRANT,-,"(20, 1, 1989)",21,1,0,0,0,1,1173
DANIEL.ALFREDSSON,-,"(11, 12, 1972)",37,1,0,0,1,0,1175
ERIC.TANGRADI,NJD,"(10, 2, 1989)",21,0,0,1,0,0,1176
DANA.TYRELL,-,"(23, 4, 1989)",21,0,1,0,0,0,1177
MAXIME.TALBOT,-,"(11, 2, 1984)",26,0,1,1,0,0,1178
KEITH.AULIE,-,"(11, 6, 1989)",21,0,0,0,0,1,1179
GEORGE.PARROS,-,"(29, 12, 1979)",30,1,0,0,1,0,1180
PATRICE.CORMIER,-,"(14, 6, 1990)",20,0,1,0,0,0,1181
ANDY.MCDONALD,-,"(25, 8, 1977)",32,0,1,0,0,0,1182
BRANDON.MASHINTER,-,"(20, 9, 1988)",21,0,0,1,0,0,1183
FILIP.KUBA,-,"(29, 12, 1976)",33,0,0,0,0,1,1184
TIM.CONNOLLY,-,"(7, 5, 1981)",29,1,1,0,0,0,1185
ALEXANDRE.BURROWS,-,"(11, 4, 1981)",29,0,0,1,1,0,1186
BRIAN.SUTHERBY,-,"(1, 3, 1982)",28,0,1,0,0,0,1187
ANTHONY.PELUSO,CGY,"(18, 4, 1989)",21,1,0,0,1,0,1188
PHILIP.MCRAE,-,"(15, 3, 1990)",20,0,1,0,0,0,1189
CHRIS.DIDOMENICO,-,"(20, 2, 1989)",21,1,1,0,1,0,1190
MARK.LETESTU,CBJ,"(4, 2, 1985)",25.0,1,1,0,1,0,1192
RYAN.STOA,-,"(13, 4, 1987)",23.0,0,1,0,0,0,1193
ROB.KLINKHAMMER,-,"(12, 8, 1986)",23.0,0,1,1,1,0,1194
CODY.ALMOND,-,"(24, 7, 1989)",20.0,0,1,1,0,0,1195
JOE.FINLEY,-,"(29, 6, 1987)",23.0,0,0,0,0,1,1199
AARON.PALUSHAJ,-,"(7, 9, 1989)",20.0,1,0,0,1,0,1201
LUKE.GAZDIC,-,"(25, 7, 1989)",20.0,0,0,1,0,0,1202
DAN.SEXTON,-,"(29, 4, 1987)",23.0,1,0,1,1,0,1203
DAVID.MOSS,-,"(28, 12, 1981)",28.0,1,0,0,1,0,1204
PAUL.POSTMA,-,"(22, 2, 1989)",21.0,1,0,0,0,1,1206
VIKTOR.STALBERG,-,"(17, 1, 1986)",24.0,0,0,1,1,0,1208
COLIN.WILSON,COL,"(20, 10, 1989)",20.0,0,1,1,0,0,1209
PHILIP.LARSEN,-,"(7, 12, 1989)",20.0,1,0,0,0,1,1210
KEVIN.HENDERSON,-,"(3, 12, 1986)",23.0,0,0,1,0,0,1211
JOHN.MCCARTHY,-,"(9, 8, 1986)",23.0,0,0,1,0,0,1212
TYLER.MYERS,WPG,"(1, 2, 1990)",20.0,1,0,0,0,1,1213
STEVE.BERNIER,NYI,"(31, 3, 1985)",25.0,1,0,0,1,0,1215
DWIGHT.KING,-,"(5, 7, 1989)",20.0,0,0,1,1,0,1216
MICHAEL.DEL.ZOTTO,STL,"(24, 6, 1990)",20.0,0,0,0,0,1,1217
JAY.MCCLEMENT,-,"(2, 3, 1983)",27.0,0,1,0,0,0,1218
ALEX.PLANTE,-,"(9, 5, 1989)",21.0,1,0,0,0,1,1219
PIERRE-LUC.LETOURNEAU-LEBLOND,-,"(4, 6, 1985)",25.0,0,0,0,1,0,1220
CARL.GUNNARSSON,STL,"(9, 11, 1986)",23.0,0,0,0,0,1,1221
ANSSI.SALMELA,-,"(13, 8, 1984)",25.0,0,0,0,0,1,1222
MARTY.REASONER,-,"(26, 2, 1977)",33,0,1,0,0,0,1223
MIKE.BROWN,-,"(24, 6, 1985)",25,1,0,0,1,0,1225
STEVEN.REINPRECHT,-,"(7, 5, 1976)",34,0,1,0,0,0,1226
CODY.MCLEOD,NSH,"(26, 6, 1984)",26,0,0,1,1,0,1227
CRAIG.ADAMS,-,"(26, 3, 1977)",33,1,0,0,1,0,1228
JUSSI.JOKINEN,-,"(1, 4, 1983)",27,0,0,1,1,0,1229
DAVE.BOLLAND,-,"(5, 6, 1986)",24,1,1,0,0,0,1230
JOHNNY.ODUYA,-,"(1, 10, 1981)",28,0,0,0,0,1,1231
TROY.BODIE,-,"(25, 1, 1985)",25,1,0,0,1,0,1232
STEVE.SULLIVAN,-,"(6, 7, 1974)",35,1,0,1,0,0,1233
HAL.GILL,-,"(6, 4, 1975)",35,0,0,0,0,1,1234
TOMAS.KOPECKY,-,"(5, 2, 1982)",28,0,0,0,1,0,1235
VERNON.FIDDLER,-,"(9, 5, 1980)",30,0,1,1,0,0,1236
BRIAN.GIONTA,-,"(18, 1, 1979)",31,1,0,0,1,0,1237
COLTON.ORR,-,"(3, 3, 1982)",28,1,0,0,1,0,1238
ERIK.COLE,-,"(6, 11, 1978)",31,0,0,1,0,0,1239
SAMUEL.PAHLSSON,-,"(17, 12, 1977)",32,0,1,0,0,0,1240
JAROSLAV.SPACEK,-,"(11, 2, 1974)",36,0,0,0,0,1,1241
HENRIK.SEDIN,-,"(26, 9, 1980)",29,0,1,0,0,0,1242
JOEL.WARD,-,"(2, 12, 1980)",29,1,0,0,1,0,1243
BRENT.REGNER,-,"(17, 5, 1989)",21,1,0,0,0,1,1244
MATT.WALKER,-,"(7, 4, 1980)",30,1,0,0,0,1,1245
STEVE.MONTADOR,-,"(21, 12, 1979)",Died (35),1,0,0,0,1,1246
GREG.ZANON,-,"(5, 6, 1980)",30,0,0,0,0,1,1247
FREDRIK.SJOSTROM,-,"(6, 5, 1983)",27,0,0,1,0,0,1248
ERIK.CONDRA,DAL,"(6, 8, 1986)",23,1,0,0,1,0,1249
MIKE.CAMMALLERI,-,"(8, 6, 1982)",28,0,1,1,0,0,1250
BYRON.BITZ,-,"(21, 7, 1984)",25,1,0,0,1,0,1251
MATTIAS.OHLUND,-,"(9, 9, 1976)",33,0,0,0,0,1,1252
MIKE.RUPP,-,"(13, 1, 1980)",30,0,1,0,0,0,1253
KENT.HUSKINS,-,"(4, 5, 1979)",31,0,0,0,0,1,1254
CHRIS.NEIL,-,"(18, 6, 1979)",31,1,0,0,1,0,1255
PATRICK.DWYER,-,"(22, 6, 1983)",27,1,0,0,1,0,1256
ADAM.PARDY,-,"(29, 3, 1984)",26,0,0,0,0,1,1257
DANIEL.SEDIN,-,"(26, 9, 1980)",29,0,0,1,0,0,1258
ROB.SCUDERI,-,"(30, 12, 1978)",31,0,0,0,0,1,1259
KEVIN.WESTGARTH,-,"(7, 2, 1984)",26,1,0,0,1,0,1260
KARLIS.SKRASTINS,-,"(9, 7, 1974)",Died (37),0,0,0,0,1,1261
MIKHAIL.GRABOVSKI,-,"(31, 1, 1984)",26.0,0,1,0,1,0,1262
CHAD.LAROSE,-,"(27, 3, 1982)",28.0,1,0,1,1,0,1263
CHRIS.THORBURN,STL,"(3, 6, 1983)",27.0,1,0,1,1,0,1264
NIKOLAI.ANTROPOV,-,"(18, 2, 1980)",30.0,0,0,0,1,0,1265
RICK.NASH,-,"(16, 6, 1984)",26.0,0,0,1,1,0,1266
RYANE.CLOWE,-,"(30, 9, 1982)",27.0,0,0,1,1,0,1267
MIKAEL.SAMUELSSON,-,"(23, 12, 1976)",33.0,1,0,0,1,0,1268
B.J..CROMBEEN,-,"(10, 7, 1985)",24.0,1,0,0,1,0,1269
JAY.ROSEHILL,-,"(16, 7, 1985)",24.0,0,0,1,0,0,1270
VILLE.LEINO,-,"(6, 10, 1983)",26.0,0,0,1,0,0,1271
DAVID.JONES,-,"(10, 8, 1984)",25.0,1,0,0,1,0,1272
TROY.BROUWER,FLA,"(17, 8, 1985)",24.0,1,0,1,1,0,1273
ALEXEI.KOVALEV,-,"(24, 2, 1973)",37.0,0,0,0,1,0,1274
FRANCOIS.BEAUCHEMIN,-,"(4, 6, 1980)",30.0,0,0,0,0,1,1275
JEFF.WOYWITKA,-,"(1, 9, 1983)",26.0,0,0,0,0,1,1277
MARK.FISTRIC,-,"(1, 6, 1986)",24.0,0,0,0,0,1,1278
CHRIS.PRONGER,-,"(10, 10, 1974)",35.0,0,0,0,0,1,1279
KRIS.VERSTEEG,-,"(13, 5, 1986)",24.0,1,0,1,1,0,1280
BRIAN.BOYLE,NSH,"(18, 12, 1984)",25.0,0,1,1,0,0,1281
ALES.KOTALIK,-,"(23, 12, 1978)",31.0,1,0,0,1,0,1282
KYLE.CUMISKEY,-,"(2, 12, 1986)",23.0,0,0,0,0,1,1283
TRAVIS.MOEN,-,"(6, 4, 1982)",28.0,0,0,1,1,0,1284
TOM.KOSTOPOULOS,-,"(24, 1, 1979)",31.0,1,0,1,1,0,1286
ANDREW.ALBERTS,-,"(30, 6, 1981)",29.0,0,0,0,0,1,1287
STEVEN.PINIZZOTTO,-,"(26, 4, 1984)",26.0,1,0,0,1,0,1288
ZACK.STORTINI,-,"(11, 9, 1985)",24.0,1,0,0,1,0,1289
LAURI.KORPIKOSKI,-,"(28, 7, 1986)",23.0,0,0,1,1,0,1290
MATT.DUCHENE,CBJ,"(16, 1, 1991)",19.0,0,1,1,0,0,1292
PETR.PRUCHA,-,"(14, 9, 1982)",27.0,1,0,1,1,0,1294
JOFFREY.LUPUL,-,"(23, 9, 1983)",26.0,1,0,1,1,0,1295
BORIS.VALABIK,-,"(14, 2, 1986)",24.0,0,0,0,0,1,1296
GREG.NEMISZ,-,"(5, 6, 1990)",20.0,1,0,0,1,0,1297
MARC.METHOT,DAL,"(21, 6, 1985)",25.0,0,0,0,0,1,1299
TUOMO.RUUTU,-,"(16, 2, 1983)",27.0,0,0,1,1,0,1300
JAKUB.KINDL,-,"(10, 2, 1987)",23.0,0,0,0,0,1,1301
MATT.SMABY,-,"(14, 10, 1984)",25.0,0,0,0,0,1,1302
JACK.HILLEN,-,"(24, 1, 1986)",24.0,0,0,0,0,1,1303
BRAD.MILLS,-,"(3, 5, 1983)",27.0,1,1,0,0,0,1304
RYAN.JONES,-,"(14, 6, 1984)",26.0,1,0,1,0,0,1305
ZAC.RINALDO,NSH,"(15, 6, 1990)",20.0,0,1,1,1,0,1306
LADISLAV.SMID,-,"(1, 2, 1986)",24.0,0,0,0,0,1,1307
MATT.TAORMINA,CGY,"(20, 10, 1986)",23.0,0,0,0,0,1,1308
BRETT.FESTERLING,-,"(3, 3, 1986)",24.0,0,0,0,0,1,1309
BENN.FERRIERO,-,"(29, 4, 1987)",23.0,1,0,0,1,0,1310
CHRIS.PORTER,-,"(29, 5, 1984)",26.0,0,0,1,0,0,1311
MATT.LASHOFF,-,"(29, 9, 1986)",23.0,0,0,0,0,1,1312
CAL.O'REILLY,MIN,"(30, 9, 1986)",23.0,0,1,0,0,0,1313
STEVE.EMINGER,-,"(31, 10, 1983)",26.0,1,0,0,0,1,1314
DERICK.BRASSARD,COL,"(22, 9, 1987)",22.0,0,1,0,0,0,1315
DEREK.DORSETT,VAN,"(20, 12, 1986)",23.0,1,0,0,1,0,1316
DREW.STAFFORD,NJD,"(30, 10, 1985)",24.0,1,0,1,1,0,1317
ANTOINE.VERMETTE,-,"(20, 7, 1982)",27.0,0,1,1,0,0,1318
TYLER.ENNIS,TOR,"(6, 10, 1989)",20.0,0,1,1,1,0,1320
JAMES.WRIGHT,-,"(24, 3, 1990)",20.0,0,1,0,0,0,1321
STEPHANE.ROBIDAS,-,"(3, 3, 1977)",33.0,1,0,0,0,1,1322
CARTER.ASHTON,-,"(1, 4, 1991)",19.0,0,0,0,1,0,1323
TORREY.MITCHELL,-,"(30, 1, 1985)",25.0,1,1,0,1,0,1324
ROSTISLAV.KLESLA,-,"(21, 3, 1982)",28.0,0,0,0,0,1,1325
SIMON.DESPRES,-,"(27, 7, 1991)",18.0,0,0,0,0,1,1326
LANCE.BOUMA,-,"(25, 3, 1990)",20.0,0,1,1,1,0,1327
VICTOR.ORESKOVICH,-,"(15, 8, 1986)",23.0,1,0,0,1,0,1328
MATT.CARKNER,-,"(3, 11, 1980)",29.0,1,0,0,0,1,1329
RICH.PEVERLEY,-,"(8, 7, 1982)",27.0,1,1,0,0,0,1330
DAVIS.DREWISKE,-,"(22, 11, 1984)",25.0,0,0,0,0,1,1331
MARC.SAVARD,-,"(17, 7, 1977)",32.0,0,1,0,0,0,1333
ALEXANDER.SEMIN,-,"(3, 3, 1984)",26.0,1,0,1,1,0,1335
DAVID.STECKEL,-,"(15, 3, 1982)",28.0,0,1,0,0,0,1337
KEVIN.KLEIN,-,"(13, 12, 1984)",25.0,1,0,0,0,1,1338
MARCEL.GOC,-,"(24, 8, 1983)",26.0,0,1,0,0,0,1339
JOE.VITALE,-,"(20, 8, 1985)",24.0,1,1,0,1,0,1340
JARED.COWEN,-,"(25, 1, 1991)",19.0,0,0,0,0,1,1341
JORDIN.TOOTOO,-,"(2, 2, 1983)",27.0,1,0,0,1,0,1342
ANDREW.MACDONALD,-,"(7, 9, 1986)",23.0,0,0,0,0,1,1343
RENE.BOURQUE,-,"(10, 12, 1981)",28.0,0,0,1,0,0,1344
MATT.STAJAN,-,"(19, 12, 1983)",26.0,0,1,0,0,0,1345
STEVE.OTT,-,"(19, 8, 1982)",27.0,0,1,1,0,0,1346
CLAYTON.STONER,-,"(19, 2, 1985)",25.0,0,0,0,0,1,1347
MAREK.ZIDLICKY,-,"(3, 2, 1977)",33.0,1,0,0,0,1,1348
SHANE.HARPER,-,"(1, 2, 1989)",21.0,1,0,0,1,0,1349
BRIAN.LEE,-,"(26, 3, 1987)",23.0,1,0,0,0,1,1350
RYAN.STANTON,EDM,"(20, 7, 1989)",20.0,0,0,0,0,1,1351
CASEY.WELLMAN,-,"(18, 10, 1987)",22.0,1,1,0,0,0,1352
JORDAN.SCHROEDER,-,"(29, 9, 1990)",19.0,1,1,0,1,0,1353
AARON.VOLPATTI,-,"(30, 5, 1985)",25.0,0,0,1,0,0,1357
ANDREW.FERENCE,-,"(17, 3, 1979)",31.0,0,0,0,0,1,1358
TOMAS.VINCOUR,-,"(19, 11, 1990)",19.0,1,1,0,0,0,1359
JAMIE.MCBAIN,-,"(25, 2, 1988)",22.0,1,0,0,0,1,1360
MAT.CLARK,-,"(17, 10, 1990)",19.0,1,0,0,0,1,1361
PAUL.BISSONNETTE,-,"(11, 3, 1985)",25.0,0,0,1,0,0,1362
ERIC.GRYBA,NJD,"(14, 4, 1988)",22.0,1,0,0,0,1,1363
BOBBY.BUTLER,-,"(26, 4, 1987)",23.0,1,0,0,1,0,1364
STEVEN.KAMPFER,BOS,"(24, 9, 1988)",21.0,1,0,0,0,1,1366
CHRIS.SUMMERS,PIT,"(5, 2, 1988)",22.0,0,0,0,0,1,1367
PATRICK.WIERCIOCH,-,"(12, 9, 1990)",19.0,0,0,0,0,1,1368
JORDAN.CARON,-,"(2, 11, 1990)",19.0,0,0,0,1,0,1369
JOE.COLBORNE,-,"(30, 1, 1990)",20.0,0,1,1,1,0,1370
TOM.WANDELL,-,"(29, 1, 1987)",23.0,0,1,0,1,0,1371
PETER.HOLLAND,-,"(14, 1, 1991)",19.0,0,1,0,0,0,1372
BRANDON.BOLLIG,-,"(31, 1, 1987)",23.0,0,0,1,0,0,1373
BRANDON.KOZUN,-,"(8, 3, 1990)",20.0,1,0,0,1,0,1374
DAVE.DZIURZYNSKI,-,"(6, 10, 1989)",20.0,0,0,1,0,0,1376
CHRIS.VANDEVELDE,-,"(15, 3, 1987)",23.0,0,1,1,0,0,1378
COLBY.ROBAK,-,"(24, 4, 1990)",20.0,0,0,0,0,1,1379
LUKE.ADAM,-,"(18, 6, 1990)",20.0,0,1,0,0,0,1380
JOAKIM.ANDERSSON,-,"(5, 2, 1989)",21.0,0,1,0,0,0,1382
MICHAEL.LATTA,-,"(25, 5, 1991)",19.0,1,1,0,0,0,1384
BEN.SMITH,-,"(11, 7, 1988)",21.0,1,1,0,1,0,1385
GABRIEL.BOURQUE,COL,"(23, 9, 1990)",19.0,0,0,1,1,0,1387
MICHAL.JORDAN,-,"(17, 7, 1990)",19.0,0,0,0,0,1,1388
CODY.GOLOUBEF,OTT,"(30, 11, 1989)",20.0,1,0,0,0,1,1389
COLIN.GREENING,-,"(9, 3, 1986)",24,0,0,1,0,0,1392
WADE.BELAK,-,"(3, 7, 1976)",Died (35),1,0,0,1,0,1393
GABRIEL.DUMONT,TBL,"(6, 10, 1990)",19,1,1,0,0,0,1394
JIRI.HUDLER,-,"(4, 1, 1984)",26,0,0,1,1,0,1396
SCOTT.TIMMINS,-,"(11, 9, 1989)",20,0,1,0,0,0,1398
JACOB.JOSEFSON,-,"(2, 3, 1991)",19,0,1,1,0,0,1399
MATTIAS.TEDENBY,-,"(21, 2, 1990)",20,0,0,0,1,0,1402
MARCUS.JOHANSSON,BOS,"(6, 10, 1990)",19,0,1,1,1,0,1404
ERIC.GELINAS,-,"(8, 5, 1991)",19,0,0,0,0,1,1406
DERYK.ENGELLAND,VGK,"(3, 4, 1982)",28,1,0,0,0,1,1407
ADAM.CRACKNELL,ANA,"(15, 7, 1985)",24,1,0,0,1,0,1408
ADAM.FOOTE,-,"(10, 7, 1971)",38,1,0,0,0,1,1410
YANN.SAUVE,-,"(18, 2, 1990)",20,0,0,0,0,1,1411
MATS.ZUCCARELLO,DAL,"(1, 9, 1987)",22,0,0,0,1,0,1412
BRANDON.MCMILLAN,-,"(22, 3, 1990)",20,0,0,1,0,0,1413
JAY.HARRISON,-,"(3, 11, 1982)",27,0,0,0,0,1,1414
CHRIS.BREEN,-,"(29, 6, 1989)",21,0,0,0,0,1,1415
JIRI.TLUSTY,-,"(16, 3, 1988)",22,0,1,0,0,0,1416
JORI.LEHTERA,-,"(23, 12, 1987)",22,0,1,1,0,0,1419
DAVID.ULLSTROM,-,"(22, 4, 1989)",21,0,1,1,0,0,1421
JEREMY.MORIN,-,"(16, 4, 1991)",19,1,0,1,1,0,1423
TOMMY.WINGELS,-,"(12, 4, 1988)",22.0,1,0,1,1,0,1425
MAGNUS.PAAJARVI,OTT,"(12, 4, 1991)",19.0,0,0,1,1,0,1427
RYAN.HAMILTON,-,"(15, 4, 1985)",25.0,0,0,1,0,0,1428
SHAWN.THORNTON,-,"(23, 7, 1977)",32.0,1,0,1,1,0,1429
DENNIS.SEIDENBERG,NYI,"(18, 7, 1981)",28.0,0,0,0,0,1,1430
DANE.BYERS,-,"(21, 2, 1986)",24.0,0,0,1,0,0,1431
JIM.SLATER,-,"(9, 12, 1982)",27.0,0,1,0,0,0,1432
RYAN.HOLLWEG,-,"(23, 4, 1983)",27.0,0,0,1,0,0,1433
TOMAS.KANA,-,"(29, 11, 1987)",22.0,1,1,0,0,0,1434
SCOTTIE.UPSHALL,-,"(7, 10, 1983)",26.0,0,0,1,0,0,1435
DAVID.RUNDBLAD,-,"(8, 10, 1990)",19.0,1,0,0,0,1,1436
DOUG.JANIK,-,"(26, 3, 1980)",30.0,0,0,0,0,1,1437
ERIC.O'DELL,-,"(21, 6, 1990)",20.0,1,1,0,0,0,1438
BLAKE.GEOFFRION,-,"(3, 2, 1988)",22.0,0,1,0,0,0,1439
AARON.ROME,-,"(27, 9, 1983)",26.0,0,0,0,0,1,1440
JAMES.SHEPPARD,-,"(25, 4, 1988)",22.0,0,1,0,0,0,1442
TODD.BERTUZZI,-,"(2, 2, 1975)",35.0,0,0,0,1,0,1443
KEVIN.PORTER,-,"(12, 3, 1986)",24.0,0,1,0,0,0,1444
FRANCIS.BOUILLON,-,"(17, 10, 1975)",34.0,0,0,0,0,1,1445
KYLE.CHIPCHURA,-,"(19, 2, 1986)",24.0,0,1,0,1,0,1446
MARCUS.KRUGER,CHI,"(27, 5, 1990)",20.0,0,1,0,0,0,1447
MATT.D'AGOSTINI,-,"(23, 10, 1986)",23.0,1,0,0,1,0,1448
BRAD.STAUBITZ,-,"(28, 7, 1984)",25.0,1,0,0,1,0,1449
MATT.COOKE,-,"(7, 9, 1978)",31.0,0,0,1,0,0,1450
TOMAS.PLEKANEC,-,"(31, 10, 1982)",27.0,0,1,0,0,0,1451
WOJTEK.WOLSKI,-,"(24, 2, 1986)",24.0,0,0,0,1,0,1452
JOE.PAVELSKI,SJS,"(11, 7, 1984)",25.0,1,1,0,1,0,1453
ANDREW.DESJARDINS,-,"(27, 7, 1986)",23.0,0,1,0,0,0,1454
NICLAS.WALLIN,-,"(20, 2, 1975)",35.0,0,0,0,0,1,1455
TOM.PYATT,SJS,"(14, 2, 1987)",23.0,0,1,0,0,0,1456
BENOIT.POULIOT,-,"(29, 9, 1986)",23.0,0,0,1,0,0,1458
KRYS.BARCH,-,"(26, 3, 1980)",30.0,0,0,1,0,0,1459
MATT.KASSIAN,-,"(28, 10, 1986)",23.0,0,1,0,0,0,1460
SAMI.LEPISTO,-,"(17, 10, 1984)",25.0,0,0,0,0,1,1461
NATE.PROSSER,MIN,"(7, 5, 1986)",24.0,1,0,0,0,1,1462
NOAH.WELCH,-,"(26, 8, 1982)",27.0,0,0,0,0,1,1463
GUILLAUME.LATENDRESSE,-,"(24, 5, 1987)",23.0,0,0,1,0,0,1464
ANTON.BABCHUK,-,"(6, 5, 1984)",26,1,0,0,0,1,1465
DUSTIN.BOYD,-,"(16, 7, 1986)",23,0,1,0,0,0,1466
JODY.SHELLEY,-,"(7, 2, 1976)",34,0,0,1,0,0,1467
KURTIS.FOSTER,-,"(24, 11, 1981)",28,1,0,0,0,1,1468
MANNY.MALHOTRA,-,"(18, 5, 1980)",30,0,1,0,0,0,1469
ERIC.NYSTROM,-,"(14, 2, 1983)",27,0,0,1,1,0,1470
JOEL.PERRAULT,-,"(6, 4, 1983)",27,1,1,0,0,0,1471
SERGEI.GONCHAR,-,"(13, 4, 1974)",36,0,0,0,0,1,1472
DANIEL.PAILLE,-,"(15, 4, 1984)",26,0,0,1,0,0,1473
ALEX.TANGUAY,-,"(21, 11, 1979)",30,0,0,1,1,0,1474
JOEY.CRABB,-,"(3, 4, 1983)",27,1,0,0,1,0,1475
MATT.ELLIS,-,"(31, 8, 1981)",28,0,0,1,0,0,1476
JESSE.WINCHESTER,-,"(4, 10, 1983)",26,1,1,1,1,0,1477
ADAM.BURISH,-,"(6, 1, 1983)",27,1,0,0,1,0,1478
DEREK.MACKENZIE,-,"(11, 6, 1981)",29,0,1,1,0,0,1479
TONI.LYDMAN,-,"(25, 9, 1977)",32,0,0,0,0,1,1480
ZBYNEK.MICHALEK,-,"(23, 12, 1982)",27,1,0,0,0,1,1481
JOHN.SCOTT,-,"(26, 9, 1982)",27,0,0,1,0,1,1483
CHRIS.HIGGINS,-,"(2, 6, 1983)",27,0,0,1,0,0,1484
JORDAN.LEOPOLD,-,"(30, 8, 1980)",29,0,0,0,0,1,1485
COLIN.STUART,-,"(8, 7, 1982)",27,0,0,1,0,0,1486
JEFF.TAMBELLINI,-,"(13, 4, 1984)",26,0,0,1,0,0,1487
ERIK.CHRISTENSEN,-,"(17, 12, 1983)",26,0,1,0,0,0,1489
MATT.CULLEN,PIT,"(2, 11, 1976)",33,0,1,1,0,0,1491
DEREK.MORRIS,-,"(24, 8, 1978)",31,1,0,0,0,1,1492
DANNY.RICHMOND,-,"(1, 8, 1984)",25,0,0,0,0,1,1493
PAUL.MARTIN,-,"(5, 3, 1981)",29,0,0,0,0,1,1494
COLIN.FRASER,-,"(28, 1, 1985)",25,0,1,0,0,0,1495
DEREK.BOOGAARD,-,"(23, 6, 1982)",Died (28),0,0,1,0,0,1496
FREDERIC.ST-DENIS,-,"(23, 1, 1986)",24,0,0,0,0,1,1497
TREVOR.SMITH,-,"(8, 2, 1985)",25,0,1,0,0,0,1498
NATE.GUENIN,-,"(10, 12, 1982)",27,1,0,0,0,1,1499
KYLE.QUINCEY,-,"(12, 8, 1985)",24,0,0,0,0,1,1500
ANDREW.EBBETT,-,"(2, 1, 1983)",27,0,1,0,0,0,1501
MILAN.JURCINA,-,"(7, 6, 1983)",27.0,1,0,0,0,1,1502
TIM.SESTITO,-,"(28, 8, 1984)",25.0,0,0,1,0,0,1503
JOHN.MITCHELL,-,"(22, 1, 1985)",25.0,0,1,0,0,0,1504
RYAN.CRAIG,-,"(6, 1, 1982)",28.0,0,1,0,0,0,1505
MATTHEW.LOMBARDI,-,"(18, 3, 1982)",28.0,0,1,0,0,0,1506
JAIME.SIFERS,-,"(18, 1, 1983)",27.0,1,0,0,0,1,1507
DANIEL.WINNIK,-,"(6, 3, 1985)",25.0,0,1,0,0,0,1508
KYLE.WILSON,-,"(5, 12, 1984)",25.0,0,1,0,0,0,1509
OLLI.JOKINEN,-,"(5, 12, 1978)",31.0,0,1,0,0,0,1510
BRAD.WINCHESTER,-,"(1, 3, 1981)",29.0,0,0,1,0,0,1511
MIKE.WEBER,-,"(16, 12, 1987)",22.0,0,0,0,0,1,1512
CODY.MCCORMICK,-,"(18, 4, 1983)",27.0,1,1,1,1,0,1514
TIM.JACKMAN,-,"(14, 11, 1981)",28.0,1,0,0,1,0,1515
PAVEL.KUBINA,-,"(15, 4, 1977)",33.0,1,0,0,0,1,1516
PIERRE-ALEXANDRE.PARENTEAU,-,"(24, 3, 1983)",27.0,1,0,0,1,0,1517
DAVID.VAN.DER.GULIK,-,"(20, 4, 1983)",27.0,0,0,1,0,0,1518
ALEXANDRE.BOLDUC,-,"(26, 6, 1985)",25.0,0,1,0,0,0,1519
BRANDON.PRUST,-,"(16, 3, 1984)",26.0,0,1,1,0,0,1521
TEDDY.PURCELL,-,"(8, 9, 1985)",24.0,1,0,1,1,0,1522
MIKE.LUNDIN,-,"(24, 9, 1984)",25.0,0,0,0,0,1,1523
BOYD.GORDON,-,"(19, 10, 1983)",26.0,1,1,0,0,0,1524
BRACKEN.KEARNS,-,"(12, 5, 1981)",29.0,0,1,0,0,0,1525
SHANE.O'BRIEN,-,"(9, 8, 1983)",26.0,0,0,0,0,1,1526
CARLO.COLAIACOVO,-,"(27, 1, 1983)",27.0,0,0,0,0,1,1527
COREY.TROPP,-,"(25, 7, 1989)",20.0,1,0,1,1,0,1528
SERGEI.KOSTITSYN,-,"(20, 3, 1987)",23.0,0,0,1,1,0,1529
RYAN.STONE,-,"(20, 3, 1985)",25.0,0,0,1,0,0,1530
ERIC.BOULTON,-,"(17, 8, 1976)",33.0,0,0,1,0,0,1531
CAM.JANSSEN,-,"(15, 4, 1984)",26.0,1,0,0,1,0,1532
TIM.BRENT,-,"(10, 3, 1984)",26.0,1,1,0,0,0,1533
ROB.NIEDERMAYER,-,"(28, 12, 1974)",35.0,0,1,0,1,0,1534
JOE.CORVO,-,"(20, 6, 1977)",33.0,1,0,0,0,1,1536
JASON.GARRISON,-,"(13, 11, 1984)",25.0,0,0,0,0,1,1537
ERIC.FEHR,MIN,"(7, 9, 1985)",24.0,1,1,0,1,0,1538
JASSEN.CULLIMORE,-,"(4, 12, 1972)",37.0,0,0,0,0,1,1540
MARK.STUART,-,"(27, 4, 1984)",26.0,0,0,0,0,1,1541
DAN.GIRARDI,TBL,"(29, 4, 1984)",26.0,1,0,0,0,1,1542
DYLAN.REESE,-,"(29, 8, 1984)",25.0,1,0,0,0,1,1543
TANNER.GLASS,-,"(29, 11, 1983)",26.0,0,0,1,0,0,1544
NATHAN.OYSTRICK,-,"(17, 12, 1982)",27.0,0,0,0,0,1,1545
DEREK.SMITH,-,"(13, 10, 1984)",25.0,0,0,0,0,1,1546
NICK.DRAZENOVIC,-,"(14, 1, 1987)",23.0,0,1,0,0,0,1547
TRAVIS.MORIN,-,"(9, 1, 1984)",26.0,0,1,0,0,0,1548
CHRIS.CONNER,-,"(23, 12, 1983)",26.0,0,0,0,1,0,1549
SHAWN.BELLE,-,"(3, 1, 1985)",25.0,0,0,0,0,1,1550
JARED.BOLL,-,"(13, 5, 1986)",24.0,1,0,0,1,0,1551
MAXIM.LAPIERRE,-,"(29, 3, 1985)",25.0,1,1,0,0,0,1554
DANIEL.CARCILLO,-,"(28, 1, 1985)",25.0,0,0,1,0,0,1556
TOM.SESTITO,-,"(28, 9, 1987)",22.0,0,0,1,0,0,1557
ANDREW.GORDON,-,"(13, 12, 1985)",24.0,1,0,0,1,0,1558
ANDREW.BODNARCHUK,-,"(11, 7, 1988)",21.0,0,0,0,0,1,1559
ROB.SCHREMP,-,"(1, 7, 1986)",23.0,0,1,0,0,0,1560
KENNDAL.MCARDLE,-,"(4, 1, 1987)",23.0,0,0,0,0,1,1561
DUSTIN.KOHN,-,"(2, 2, 1987)",23.0,0,0,0,0,1,1562
BLAIR.JONES,-,"(27, 9, 1986)",23.0,1,1,0,0,0,1563
GREGORY.CAMPBELL,-,"(17, 12, 1983)",26.0,0,1,1,0,0,1564
DEREK.MEECH,-,"(21, 4, 1984)",26.0,0,0,0,0,1,1565
BRAD.LUKOWICH,-,"(12, 8, 1976)",33.0,0,0,0,0,1,1566
BRENDAN.MIKKELSON,-,"(22, 6, 1987)",23.0,0,0,0,0,1,1567
DAVID.DESHARNAIS,-,"(14, 9, 1986)",23.0,0,1,0,0,0,1568
TYSON.STRACHAN,-,"(30, 10, 1984)",25.0,1,0,0,0,1,1569
MICHAEL.SAUER,-,"(7, 8, 1987)",22.0,1,0,0,0,1,1570
ADAM.MCQUAID,CBJ,"(12, 10, 1986)",23.0,1,0,0,0,1,1572
COREY.POTTER,-,"(5, 1, 1984)",26.0,1,0,0,0,1,1573
RYAN.O'MARRA,-,"(9, 6, 1987)",23.0,1,0,0,1,0,1574
JACK.SKILLE,-,"(19, 5, 1987)",23.0,1,0,0,1,0,1575
T.J..HENSICK,-,"(10, 12, 1985)",24.0,1,0,0,1,0,1576
JAMIE.LUNDMARK,-,"(16, 1, 1981)",29.0,1,1,0,1,0,1577
ANTHONY.STEWART,-,"(1, 5, 1985)",25.0,1,0,0,1,0,1579
RICH.CLUNE,-,"(25, 4, 1987)",23.0,0,0,1,0,0,1581
MARC-ANDRE.CLICHE,-,"(23, 3, 1987)",23.0,1,1,0,0,0,1582
BRETT.SUTTER,-,"(2, 6, 1987)",23.0,0,1,1,0,0,1583
BRETT.CARSON,-,"(29, 11, 1985)",24.0,1,0,0,0,1,1584
STEFAN.MEYER,-,"(20, 7, 1985)",24.0,0,0,1,0,0,1585
PATRICK.KALETA,-,"(8, 6, 1986)",24.0,1,0,0,1,0,1586
BEN.LOVEJOY,DAL,"(20, 2, 1984)",26.0,1,0,0,0,1,1587
GRANT.CLITSOME,-,"(14, 4, 1985)",25.0,0,0,0,0,1,1588
CODY.BASS,-,"(7, 1, 1987)",23.0,1,1,0,0,0,1589
JANNIK.HANSEN,-,"(15, 3, 1986)",24.0,1,0,0,1,0,1590
DARROLL.POWE,-,"(22, 6, 1985)",25.0,0,1,0,0,0,1591
BRYAN.BICKELL,-,"(9, 3, 1986)",24.0,0,0,1,0,0,1592
FABIAN.BRUNNSTROM,-,"(6, 2, 1985)",25.0,0,0,1,0,0,1593
RYAN.PARENT,-,"(17, 3, 1987)",23.0,0,0,0,0,1,1595
ALEXANDRE.PICARD,-,"(9, 10, 1985)",24.0,0,0,1,0,0,1596
MASON.RAYMOND,-,"(17, 9, 1985)",24.0,0,0,1,0,0,1597
GILBERT.BRULE,-,"(1, 1, 1987)",23.0,1,1,0,0,0,1598
ALEXEI.PONIKAROVSKY,-,"(9, 4, 1980)",30.0,0,0,1,0,0,1599
TOMAS.FLEISCHMANN,-,"(16, 5, 1984)",26.0,0,0,1,0,0,1600
ALEXANDER.FROLOV,-,"(19, 6, 1982)",28.0,1,0,1,0,0,1601
MATT.MOULSON,BUF,"(1, 11, 1983)",26.0,0,0,1,0,0,1602
VLADIMIR.MIHALIK,-,"(29, 1, 1987)",23.0,0,0,0,0,1,1603
MARK.FRASER,-,"(29, 9, 1986)",23.0,0,0,0,0,1,1604
BEN.EAGER,-,"(22, 1, 1984)",26.0,0,0,1,0,0,1605
ANTON.STRALMAN,TBL,"(1, 8, 1986)",23.0,1,0,0,0,1,1606
PETER.REGIN,-,"(16, 4, 1986)",24.0,0,1,0,0,0,1607
IAN.WHITE,-,"(4, 6, 1984)",26.0,1,0,0,0,1,1608
JAMES.WISNIEWSKI,-,"(21, 2, 1984)",26.0,1,0,0,0,1,1609
CHRIS.CAMPOLI,-,"(9, 7, 1984)",25.0,0,0,0,0,1,1610
LOUIS.LEBLANC,-,"(26, 1, 1991)",19.0,1,1,0,0,0,1611
MIKE.MOORE,-,"(12, 12, 1984)",25.0,0,0,0,0,1,1612
DOMINIC.MOORE,-,"(3, 8, 1980)",29.0,0,1,1,0,0,1613
DEVIN.SETOGUCHI,-,"(1, 1, 1987)",23.0,1,0,0,1,0,1614
SHAONE.MORRISONN,-,"(23, 12, 1982)",27.0,0,0,0,0,1,1615
ANDY.SUTTON,-,"(10, 3, 1975)",35.0,0,0,0,0,1,1616
MIKE.WEAVER,-,"(2, 5, 1978)",32.0,1,0,0,0,1,1619
DAVID.HALE,-,"(18, 6, 1981)",29.0,0,0,0,0,1,1620
JAMAL.MAYERS,-,"(24, 10, 1974)",35,1,0,0,1,0,1621
DAVE.SCATCHARD,-,"(20, 2, 1976)",34,1,1,0,0,0,1622
MARC-ANDRE.GRAGNANI,-,"(11, 3, 1987)",23,0,0,0,0,1,1623
DEREK.JOSLIN,-,"(17, 3, 1987)",23,0,0,0,0,1,1624
ANDRE.BENOIT,-,"(6, 1, 1984)",26,0,0,0,0,1,1625
JOHN.MADDEN,-,"(4, 5, 1973)",37,0,1,0,0,0,1626
TEEMU.SELANNE,-,"(3, 7, 1970)",39,1,0,0,1,0,1627
RUSLAN.SALEI,-,"(2, 11, 1974)",Died (36),0,0,0,0,1,1628
MIKE.BLUNDEN,-,"(15, 12, 1986)",23,1,0,0,1,0,1629
CRAIG.CONROY,-,"(4, 9, 1971)",38,1,1,0,0,0,1630
JERRY.D'AMIGO,-,"(19, 2, 1991)",19,0,0,0,1,0,1631
MIKE.SANTORELLI,-,"(14, 12, 1985)",24,1,1,0,1,0,1632
NICK.BOYNTON,-,"(14, 1, 1979)",31,1,0,0,0,1,1633
SEAN.BERGENHEIM,-,"(8, 2, 1984)",26,0,0,1,0,0,1634
ANDY.HILBERT,-,"(6, 2, 1981)",29,0,1,0,0,0,1635
ANDREW.PETERS,-,"(5, 5, 1980)",30,0,0,1,0,0,1637
MARK.FAYNE,-,"(15, 5, 1987)",23,1,0,0,0,1,1638
BRANDON.PIRRI,VGK,"(10, 4, 1991)",19,0,0,1,1,0,1639
TAYLOR.BECK,-,"(13, 5, 1991)",19,1,0,1,0,0,1640
WILLIE.MITCHELL,-,"(23, 4, 1977)",33,0,0,0,0,1,1641
STEVE.DOWNIE,-,"(3, 4, 1987)",23,1,0,1,1,0,1642
RAFFI.TORRES,-,"(8, 10, 1981)",28,0,0,1,0,0,1643
STEPHEN.GIONTA,NYI,"(9, 10, 1983)",26,1,1,0,1,0,1644
NICKLAS.GROSSMANN,-,"(22, 1, 1985)",25,0,0,0,0,1,1645
TIM.KENNEDY,-,"(30, 4, 1986)",24,0,0,1,0,0,1646
LEE.STEMPNIAK,BOS,"(4, 2, 1983)",27,1,0,0,1,0,1647
AARON.JOHNSON,-,"(30, 4, 1983)",27,0,0,0,0,1,1649
MIKE.COMRIE,-,"(11, 9, 1980)",29,0,1,0,0,0,1650
JEFF.HALPERN,-,"(3, 5, 1976)",34,1,1,0,0,0,1652
NIGEL.DAWES,-,"(9, 2, 1985)",25,0,0,1,0,0,1653
CODY.FRANSON,-,"(8, 8, 1987)",22,1,0,0,0,1,1654
PETER.MUELLER,-,"(14, 4, 1988)",22,1,1,0,0,0,1655
NICLAS.BERGFORS,-,"(7, 3, 1987)",23,1,0,0,1,0,1656
ERIC.BELANGER,-,"(16, 12, 1977)",32,0,1,0,0,0,1657
PATRICK.O'SULLIVAN,-,"(1, 2, 1985)",25,0,0,1,0,0,1658
MICHAEL.SGARBOSSA,WSH,"(25, 7, 1992)",17,0,1,0,0,0,1660
MATT.HENDRICKS,WPG,"(17, 6, 1981)",29,0,1,1,1,0,1663
CHRIS.STEWART,-,"(30, 10, 1987)",22,1,0,1,1,0,1665
ALEXANDER.BURMISTROV,-,"(21, 10, 1991)",18,0,1,0,1,0,1666
BRANDON.GORMLEY,-,"(18, 2, 1992)",18,0,0,0,0,1,1667
BRIAN.MCGRATTAN,-,"(2, 9, 1981)",28,1,0,0,1,0,1668
ANDREAS.LILJA,-,"(13, 7, 1975)",34,0,0,0,0,1,1669
PAUL.MARA,-,"(7, 9, 1979)",30,0,0,0,0,1,1670
STEVE.BEGIN,-,"(14, 6, 1978)",32,0,1,0,0,0,1671
LANDON.FERRARO,MIN,"(8, 8, 1991)",18,1,1,0,1,0,1672
MARK.PARRISH,-,"(2, 2, 1977)",33,1,0,0,1,0,1673
MATT.FRASER,-,"(20, 5, 1990)",20,0,0,1,1,0,1675
DARREN.ARCHIBALD,OTT,"(9, 2, 1990)",20,0,0,1,1,0,1676
CHRIS.MUELLER,TOR,"(6, 3, 1986)",24,1,1,0,0,0,1677
MAREK.SVATOS,-,"(17, 6, 1982)",Died (34),1,0,0,1,0,1679
DEVANTE.SMITH-PELLY,WSH,"(14, 6, 1992)",18,1,0,1,1,0,1680
DYLAN.OLSEN,-,"(3, 1, 1991)",19,0,0,0,0,1,1681
MARC-ANDRE.BERGERON,-,"(13, 10, 1980)",29,0,0,0,0,1,1682
KYLE.WELLWOOD,-,"(16, 5, 1983)",27,1,1,0,0,0,1683
PETER.FORSBERG,-,"(20, 7, 1973)",36,0,1,0,0,0,1684
JASON.WILLIAMS,-,"(11, 8, 1980)",29,1,0,0,1,0,1685
SHANE.HNIDY,-,"(8, 11, 1975)",34,1,0,0,0,1,1686
STEPHANE.DA.COSTA,-,"(11, 7, 1989)",20,1,1,0,1,0,1687
ANDY.MIELE,-,"(15, 4, 1988)",22,0,1,0,0,0,1688
MATT.FRATTIN,-,"(3, 1, 1988)",22.0,1,0,0,1,0,1689
NIKITA.NIKITIN,-,"(16, 6, 1986)",24.0,0,0,0,0,1,1690
MARC-ANTOINE.POULIOT,-,"(22, 5, 1985)",25.0,1,1,0,0,0,1691
JEREMY.COLLITON,-,"(13, 1, 1985)",25.0,1,1,0,0,0,1692
GARNET.EXELBY,-,"(16, 8, 1981)",28.0,0,0,0,0,1,1693
BRENDAN.BELL,-,"(31, 3, 1983)",28.0,0,0,0,0,1,1694
JASON.AKESON,-,"(3, 6, 1990)",21.0,1,0,0,1,0,1695
HARRY.ZOLNIERCZYK,-,"(1, 9, 1987)",23.0,0,0,1,0,0,1696
TAYLOR.FEDUN,DAL,"(4, 6, 1988)",23.0,1,0,0,0,1,1697
JOEY.HISHON,-,"(20, 10, 1991)",19.0,0,1,0,0,0,1699
JAKE.GARDINER,TOR,"(4, 7, 1990)",20.0,0,0,0,0,1,1700
OLIVER.LAURIDSEN,-,"(24, 3, 1989)",22.0,0,0,0,0,1,1701
BEN.CHIAROT,WPG,"(9, 5, 1991)",20.0,0,0,0,0,1,1702
AARON.NESS,WSH,"(18, 5, 1990)",21.0,0,0,0,0,1,1704
STEFAN.ELLIOTT,OTT,"(30, 1, 1991)",20.0,1,0,0,0,1,1707
TOM.KUHNHACKL,NYI,"(21, 1, 1992)",19.0,0,0,0,1,0,1708
MATT.READ,MIN,"(14, 6, 1986)",25.0,1,0,1,1,0,1710
DAVID.WARSOFSKY,COL,"(30, 5, 1990)",21.0,0,0,0,0,1,1711
GUSTAV.NYQUIST,SJS,"(1, 9, 1989)",21.0,0,0,1,1,0,1712
JIMMY.HAYES,PIT,"(21, 11, 1989)",21.0,1,0,0,1,0,1713
MARK.ARCOBELLO,-,"(12, 8, 1988)",22.0,1,1,0,1,0,1714
MIKE.SISLO,NYI,"(20, 1, 1988)",23.0,1,0,0,1,0,1716
BRIAN.GIBBONS,OTT,"(26, 2, 1988)",23.0,0,1,0,0,0,1717
RASMUS.RISSANEN,-,"(13, 7, 1991)",19.0,0,0,0,0,1,1718
ZACH.REDMOND,-,"(26, 7, 1988)",22.0,1,0,0,0,1,1719
QUINTON.HOWDEN,-,"(21, 1, 1992)",19.0,0,1,1,0,0,1720
GREG.MCKEGG,CAR,"(17, 6, 1992)",19.0,0,1,1,0,0,1721
TYLER.RANDELL,-,"(15, 6, 1991)",20.0,1,0,0,1,0,1725
PHILIP.SAMUELSSON,-,"(26, 7, 1991)",19.0,0,0,0,0,1,1726
ALEX.PETROVIC,EDM,"(3, 3, 1992)",19.0,1,0,0,0,1,1728
JUSTIN.FONTAINE,-,"(6, 11, 1987)",23.0,1,0,0,1,0,1729
BRETT.BULMER,-,"(26, 4, 1992)",19.0,1,0,0,1,0,1730
PATRIK.NEMETH,COL,"(8, 2, 1992)",19.0,0,0,0,0,1,1732
MARTIN.MARINCIN,TOR,"(18, 2, 1992)",19.0,0,0,0,0,1,1733
ANTON.LANDER,-,"(24, 4, 1991)",20.0,0,1,1,1,0,1734
RAPHAEL.DIAZ,-,"(9, 1, 1986)",25.0,1,0,0,0,1,1736
RICHARD.PANIK,ARI,"(7, 2, 1991)",20.0,0,0,1,1,0,1737
ZACH.SILL,-,"(24, 5, 1988)",23.0,0,1,0,0,0,1739
ALEXEI.EMELIN,-,"(25, 4, 1986)",25.0,0,0,0,0,1,1740
CHRISTIAN.THOMAS,-,"(26, 5, 1992)",19.0,1,0,1,1,0,1741
EMERSON.ETEM,-,"(16, 7, 1992)",18.0,0,0,1,1,0,1742
PETTERI.NOKELAINEN,-,"(16, 1, 1986)",25.0,1,0,0,1,0,1743
LINDEN.VEY,CGY,"(17, 7, 1991)",19.0,1,1,0,1,0,1744
JOHAN.LARSSON,BUF,"(25, 7, 1992)",18.0,0,1,1,0,0,1745
FREDDIE.HAMILTON,-,"(1, 1, 1992)",19.0,1,1,0,1,0,1747
VICTOR.BARTLEY,-,"(17, 2, 1988)",23.0,0,0,0,0,1,1749
BYRON.FROESE,PHI,"(12, 3, 1991)",20.0,1,1,0,0,0,1751
ANDREJ.NESTRASIL,-,"(22, 2, 1991)",20.0,0,1,1,1,0,1752
TIM.ERIXON,-,"(24, 2, 1991)",20.0,0,0,0,0,1,1753
JORDAN.SZWARZ,BOS,"(14, 5, 1991)",20.0,1,0,0,1,0,1754
JOAKIM.LINDSTROM,-,"(5, 12, 1983)",27.0,0,1,0,0,0,1757
PATRICK.BORDELEAU,-,"(23, 3, 1986)",25.0,0,0,1,1,0,1760
SHELDON.SOURAY,-,"(13, 7, 1976)",34.0,0,0,0,0,1,1761
MICHEL.OUELLET,-,"(5, 3, 1982)",29.0,1,0,0,1,0,1762
MIKE.COMMODORE,-,"(7, 11, 1979)",31.0,1,0,0,0,1,1763
JOE.PISKULA,-,"(5, 7, 1984)",26.0,0,0,0,0,1,1764
CAM.BARKER,-,"(4, 4, 1986)",25.0,0,0,0,0,1,1765
JAROMIR.JAGR,-,"(15, 2, 1972)",39.0,0,0,0,1,0,1766
COLIN.MCDONALD,-,"(30, 9, 1984)",26.0,1,0,0,1,0,1767
DALTON.PROUT,CGY,"(13, 3, 1990)",21.0,1,0,0,0,1,1768
BRETT.CONNOLLY,WSH,"(2, 5, 1992)",19.0,1,0,1,1,0,1769
MICHAEL.KOSTKA,-,"(28, 11, 1985)",25.0,1,0,0,0,1,1770
CHRIS.BOURQUE,-,"(29, 1, 1986)",25.0,0,0,1,0,0,1771
GARRETT.WILSON,PIT,"(16, 3, 1991)",20.0,0,0,1,1,0,1772
JORDIE.BENN,MTL,"(26, 7, 1987)",23.0,0,0,0,0,1,1775
RYAN.GARBUTT,-,"(12, 8, 1985)",25.0,0,0,1,0,0,1776
JONATHAN.CHEECHOO,-,"(15, 7, 1980)",30.0,1,0,0,1,0,1777
CRAIG.CUNNINGHAM,-,"(13, 9, 1990)",20.0,1,1,1,0,0,1778
TYE.MCGINN,-,"(29, 7, 1990)",20.0,0,0,1,0,0,1779
MAX.REINHART,-,"(4, 2, 1992)",19.0,0,1,0,0,0,1780
MARK.BELL,-,"(5, 8, 1980)",30.0,0,1,1,0,0,1782
SCOTT.HARRINGTON,CBJ,"(10, 3, 1993)",18.0,0,0,0,0,1,1785
TYLER.SLOAN,-,"(15, 3, 1981)",30.0,0,0,0,0,1,1786
STEPHANE.VEILLEUX,-,"(16, 11, 1981)",29.0,0,0,1,0,0,1787
JOE.MORROW,WPG,"(9, 12, 1992)",18.0,0,0,0,0,1,1790
DUNCAN.SIEMENS,-,"(7, 9, 1993)",17.0,0,0,0,0,1,1792
STANISLAV.GALIEV,-,"(17, 1, 1992)",19.0,1,0,0,1,0,1793
RYAN.MURPHY,NJD,"(31, 3, 1993)",18.0,1,0,0,0,1,1794
FRANK.CORRADO,-,"(26, 3, 1993)",18,1,0,0,0,1,1796
NICKLAS.JENSEN,NYR,"(6, 3, 1993)",18,0,0,0,1,0,1797
TRENT.HUNTER,-,"(5, 7, 1980)",30,1,0,0,1,0,1800
JAY.PANDOLFO,-,"(27, 12, 1974)",36,0,0,1,0,0,1801
STUART.PERCY,-,"(18, 5, 1993)",18,0,0,0,0,1,1803
ANDY.ANDREOFF,TBL,"(17, 5, 1991)",20,0,1,1,0,0,1804
MICHAEL.BOURNIVAL,-,"(31, 5, 1992)",19,0,0,1,0,0,1805
MICHEAL.FERLAND,CAR,"(20, 4, 1992)",19,0,0,1,1,0,1806
STEFAN.NOESEN,NJD,"(12, 2, 1993)",18,1,0,1,1,0,1809
PIERRE-CEDRIC.LABRIE,-,"(6, 12, 1986)",24,0,0,1,0,0,1811
BRETT.LEBDA,-,"(15, 1, 1982)",29,0,0,1,0,0,1813
JOEL.RECHLICZ,-,"(14, 6, 1987)",24,1,0,0,1,0,1814
RILEY.SHEAHAN,FLA,"(7, 12, 1991)",19.0,0,1,1,0,0,1815
JEREMY.WELSH,-,"(30, 4, 1988)",23.0,0,1,0,0,0,1816
DAVID.MUSIL,-,"(9, 4, 1993)",19.0,0,0,0,0,1,1817
BRENDAN.SHINNIMIN,-,"(7, 1, 1991)",21.0,0,1,0,0,0,1821
MIKE.HALMO,-,"(15, 5, 1991)",21.0,0,0,1,0,0,1823
BRIAN.O'NEILL,-,"(1, 6, 1988)",24.0,0,1,0,0,0,1825
JULIAN.MELCHIORI,FLA,"(6, 12, 1991)",20.0,0,0,0,0,1,1826
PHILIP.VARONE,PHI,"(4, 12, 1990)",21,0,1,0,0,0,1828
ZACH.TROTMAN,PIT,"(26, 8, 1990)",21,1,0,0,0,1,1830
RYAN.SPROUL,-,"(13, 1, 1993)",19,1,0,0,0,1,1831
DREW.SHORE,-,"(29, 1, 1991)",21,1,1,0,0,0,1834
CHRIS.WIDEMAN,PIT,"(7, 1, 1990)",22,1,0,0,0,1,1838
CHRIS.BROWN,-,"(3, 2, 1991)",21,1,1,0,1,0,1839
SEAN.COLLINS,-,"(29, 12, 1988)",23,0,1,0,0,0,1840
ANTHONY.BITETTO,MIN,"(15, 7, 1990)",21,0,0,0,0,1,1841
MATT.TENNYSON,BUF,"(23, 4, 1990)",22,1,0,0,0,1,1842
BRIAN.FLYNN,-,"(26, 7, 1988)",23,1,0,0,1,0,1843
SAM.CARRICK,ANA,"(4, 2, 1992)",20,1,1,0,0,0,1846
ANDERS.LEE,NYI,"(3, 7, 1990)",21,0,1,1,0,0,1847
DANIEL.CATENACCI,-,"(9, 3, 1993)",19,0,1,0,0,0,1850
BEAU.BENNETT,STL,"(27, 11, 1991)",20,1,0,1,1,0,1854
ALEX.CHIASSON,EDM,"(1, 10, 1990)",21,1,0,0,1,0,1855
FREDRIK.CLAESSON,NYR,"(24, 11, 1992)",19.0,0,0,0,0,1,1859
MAREK.HRIVIK,-,"(28, 8, 1991)",20.0,0,1,1,0,0,1865
PETTER.GRANBERG,-,"(27, 8, 1992)",19.0,1,0,0,0,1,1868
KLAS.DAHLBECK,-,"(6, 7, 1991)",20.0,0,0,0,0,1,1870
TEEMU.PULKKINEN,VGK,"(2, 1, 1992)",20.0,1,0,1,0,0,1872
NATHAN.BEAULIEU,WPG,"(5, 12, 1992)",19.0,0,0,0,0,1,1873
BRANDON.DAVIDSON,CHI,"(21, 8, 1991)",20.0,0,0,0,0,1,1875
OSCAR.LINDBERG,OTT,"(29, 10, 1991)",20.0,0,1,1,0,0,1877
ADAM.CLENDENING,CBJ,"(26, 10, 1992)",19.0,1,0,0,0,1,1878
TY.RATTIE,EDM,"(5, 2, 1993)",19.0,1,0,1,1,0,1879
JOEL.ARMIA,MTL,"(31, 5, 1993)",19.0,1,0,0,1,0,1883
JYRKI.JOKIPAKKA,-,"(20, 8, 1991)",20.0,0,0,0,0,1,1884
BRODY.SUTTER,-,"(26, 9, 1991)",20.0,1,1,0,0,0,1885
COLBY.ARMSTRONG,-,"(23, 11, 1982)",29.0,1,0,0,1,0,1887
BEN.STREET,ANA,"(13, 2, 1987)",25.0,0,1,0,0,0,1889
SHANE.PRINCE,-,"(16, 11, 1992)",19.0,0,0,1,0,0,1891
BRETT.RITCHIE,DAL,"(1, 7, 1993)",18.0,1,0,0,1,0,1893
ZEMGUS.GIRGENSONS,BUF,"(5, 1, 1994)",18.0,0,1,1,0,0,1895
MATT.PELECH,-,"(4, 9, 1987)",24.0,1,0,0,0,1,1897
NICK.TARNASKY,-,"(25, 11, 1984)",27.0,0,0,1,0,0,1899
MIKHAIL.GRIGORENKO,-,"(16, 5, 1994)",18.0,0,1,0,0,0,1901
RYAN.MURRAY,CBJ,"(27, 9, 1993)",18.0,0,0,0,0,1,1902
MARTIN.FRK,DET,"(5, 10, 1993)",18.0,1,0,0,1,0,1903
JAYSON.MEGNA,WSH,"(1, 2, 1990)",22.0,1,0,0,1,0,1904
GRIFFIN.REINHART,VGK,"(24, 1, 1994)",18.0,0,0,0,0,1,1906
TOMAS.JURCO,-,"(28, 12, 1992)",19.0,0,0,1,1,0,1907
SCOTT.LAUGHTON,PHI,"(30, 5, 1994)",18.0,0,1,0,0,0,1908
BRENDAN.GAUNCE,VAN,"(21, 3, 1994)",18.0,0,1,1,0,0,1910
STEFAN.MATTEAU,VGK,"(23, 2, 1994)",18.0,0,0,1,0,0,1912
CODY.CECI,OTT,"(21, 12, 1993)",18.0,1,0,0,0,1,1913
DERRICK.POULIOT,VAN,"(16, 1, 1994)",18.0,0,0,0,0,1,1918
COLTON.SISSONS,NSH,"(5, 11, 1993)",18.0,1,1,0,1,0,1919
WADE.REDDEN,-,"(12, 6, 1977)",35.0,0,0,0,0,1,1920
SCOTT.GOMEZ,-,"(23, 12, 1979)",32.0,0,1,0,0,0,1921
STEVE.OLEKSY,TOR,"(4, 2, 1986)",26.0,1,0,0,0,1,1923
ANDREJ.SUSTR,-,"(29, 11, 1990)",21.0,1,0,0,0,1,1925
NICK.COUSINS,ARI,"(20, 7, 1993)",18.0,0,1,1,0,0,1926
JACOB.TROUBA,NYR,"(26, 2, 1994)",18.0,1,0,0,0,1,1927
DMITRIJ.JASKIN,WSH,"(23, 3, 1993)",19.0,0,0,1,1,0,1928
BEN.HANOWSKI,-,"(18, 10, 1990)",21.0,0,0,0,1,0,1931
NICK.SHORE,-,"(26, 9, 1992)",19.0,1,1,0,0,0,1932
NAIL.YAKUPOV,-,"(6, 10, 1993)",18.0,0,0,1,1,0,1935
JOSH.LEIVO,VAN,"(26, 5, 1993)",20.0,1,0,1,0,0,1941
JOEL.EDMUNDSON,STL,"(28, 6, 1993)",20.0,0,0,0,0,1,1945
REID.BOUCHER,VAN,"(8, 9, 1993)",19.0,0,0,1,0,0,1948
DARREN.DIETZ,-,"(17, 7, 1993)",19.0,1,0,0,0,1,1952
ANDREW.AGOZZINO,COL,"(3, 1, 1991)",22.0,0,1,1,0,0,1955
LUKE.WITKOWSKI,DET,"(14, 4, 1990)",23.0,1,0,0,1,1,1963
ANDREY.PEDAN,PIT,"(3, 7, 1993)",19.0,0,0,0,0,1,1965
TYLER.GRAOVAC,CGY,"(27, 4, 1993)",20.0,0,1,0,0,0,1966
JULIEN.BROUILLETTE,-,"(5, 12, 1986)",26.0,0,0,0,0,1,1971
ANDREW.MACWILLIAM,-,"(25, 3, 1990)",23.0,0,0,0,0,1,1978
BROCK.MCGINN,CAR,"(2, 2, 1994)",19.0,0,0,1,1,0,1980
LUKAS.SEDLAK,CBJ,"(25, 2, 1993)",20.0,0,1,1,1,0,1982
ANDREW.MILLER,-,"(18, 9, 1988)",24.0,1,1,0,0,0,1986
MARKUS.GRANLUND,VAN,"(16, 4, 1993)",20.0,0,1,1,1,0,1991
TOBIAS.RIEDER,EDM,"(10, 1, 1993)",20.0,0,0,1,1,0,1992
NIKITA.NESTEROV,-,"(28, 3, 1993)",20.0,0,0,0,0,1,1994
ALEXANDRE.GRENIER,-,"(5, 9, 1991)",21.0,1,0,0,1,0,1995
KARL.STOLLERY,-,"(21, 11, 1987)",25.0,0,0,0,0,1,1996
CHARLES.HUDON,MTL,"(23, 6, 1994)",19.0,0,0,1,1,0,1998
WILLIAM.KARLSSON,VGK,"(8, 1, 1993)",20.0,0,1,0,0,0,2002
CEDRIC.PAQUETTE,TBL,"(13, 8, 1993)",19.0,0,1,1,0,0,2004
BRENDAN.LEIPSIC,LAK,"(19, 5, 1994)",19.0,0,0,1,0,0,2005
ALEXEY.MARCHENKO,-,"(2, 1, 1992)",21.0,1,0,0,0,1,2008
VINCENT.LECAVALIER,-,"(21, 4, 1980)",33.0,0,1,1,0,0,2017
DANIEL.BRIERE,-,"(6, 10, 1977)",35.0,1,1,0,0,0,2018
MIKE.KOMISAREK,-,"(19, 1, 1982)",31.0,1,0,0,0,1,2020
BOBBY.FARNHAM,-,"(21, 1, 1989)",24,0,0,0,1,0,2021
CORBAN.KNIGHT,-,"(10, 9, 1990)",22,1,1,0,0,0,2022
JEFF.SCHULTZ,-,"(25, 2, 1986)",27,0,0,0,0,1,2023
ROSTISLAV.OLESZ,-,"(10, 10, 1985)",27.0,0,0,1,0,0,2026
KEITH.BALLARD,-,"(26, 11, 1982)",30.0,0,0,0,0,1,2027
CHAD.BILLINS,-,"(26, 5, 1989)",24.0,0,0,0,0,1,2028
MICHAEL.MCCARRON,MTL,"(7, 3, 1995)",18.0,1,1,0,1,0,2034
SVEN.ANDRIGHETTO,COL,"(21, 3, 1993)",20.0,0,0,1,1,0,2035
DENIS.GREBESHKOV,-,"(11, 10, 1983)",29.0,0,0,0,0,1,2036
PAUL.RANGER,-,"(12, 9, 1984)",28.0,0,0,0,0,1,2037
JOSH.JOORIS,-,"(14, 7, 1990)",22.0,1,1,0,0,0,2039
RONALDS.KENINS,-,"(28, 2, 1991)",22.0,0,0,1,0,0,2040
HUNTER.SHINKARUK,MTL,"(13, 10, 1994)",18.0,0,1,0,0,0,2042
JUJHAR.KHAIRA,EDM,"(13, 8, 1994)",18.0,0,1,1,0,0,2043
ANDRE.BURAKOVSKY,WSH,"(9, 2, 1995)",18.0,0,0,1,1,0,2046
TAYLOR.LEIER,BUF,"(15, 2, 1994)",19.0,0,0,1,0,0,2047
CURTIS.LAZAR,CGY,"(2, 2, 1995)",18.0,1,1,0,1,0,2048
JOEL.VERMIN,-,"(5, 2, 1992)",21.0,0,0,0,1,0,2049
CHRIS.BIGRAS,NYR,"(22, 2, 1995)",18.0,0,0,0,0,1,2050
MIRCO.MUELLER,NJD,"(21, 3, 1995)",18.0,0,0,0,0,1,2052
CONNOR.CARRICK,NJD,"(13, 4, 1994)",19.0,1,0,0,0,1,2053
NIKITA.ZADOROV,COL,"(16, 4, 1995)",18.0,0,0,0,0,1,2054
ALAN.QUINE,CGY,"(25, 2, 1993)",20.0,0,1,0,0,0,2055
RADEK.DVORAK,-,"(9, 3, 1977)",36.0,1,0,0,1,0,2057
VIKTOR.SVEDBERG,-,"(24, 5, 1991)",22.0,0,0,0,0,1,2059
TOM.GILBERT,-,"(10, 1, 1983)",30.0,1,0,0,0,1,2060
TYLER.GAUDET,NSH,"(4, 4, 1993)",20.0,0,1,0,0,0,2062
RYAN.HARTMAN,PHI,"(20, 9, 1994)",18.0,1,0,1,1,0,2064
SCOTT.KOSMACHUK,COL,"(24, 1, 1994)",19.0,1,0,0,1,0,2069
KERBY.RYCHEL,CGY,"(7, 10, 1994)",18.0,0,0,1,0,0,2072
KEVIN.CZUCZMAN,PIT,"(9, 1, 1991)",22.0,0,0,0,0,1,2077
KENNY.AGOSTINO,NJD,"(30, 4, 1992)",21.0,0,0,1,0,0,2079
BRYCE.VAN.BRABANT,-,"(12, 11, 1991)",21.0,0,0,1,0,0,2082
JAKE.MCCABE,BUF,"(12, 10, 1993)",19.0,0,0,0,0,1,2083
TYLER.WOTHERSPOON,STL,"(12, 3, 1993)",21.0,0,0,0,0,1,2085
KURTIS.GABRIEL,NJD,"(20, 4, 1993)",21.0,1,0,0,1,0,2087
ZACK.MITCHELL,LAK,"(7, 1, 1993)",21.0,1,0,0,1,0,2089
MARKO.DANO,WPG,"(30, 11, 1994)",19.0,0,1,1,1,0,2090
RYAN.GRAVES,COL,"(21, 5, 1995)",19.0,0,0,0,0,1,2093
PETTERI.LINDBOHM,STL,"(23, 9, 1993)",20.0,0,0,0,0,1,2099
PHILLIP.DI.GIUSEPPE,NSH,"(9, 10, 1993)",20.0,0,0,1,0,0,2103
RYAN.CARPENTER,VGK,"(18, 1, 1991)",23.0,1,1,0,1,0,2104
ADAM.ERNE,TBL,"(20, 4, 1995)",19.0,0,0,1,1,0,2109
RYAN.DZINGEL,CBJ,"(9, 3, 1992)",22.0,0,1,1,1,0,2115
JAYCOB.MEGNA,ANA,"(10, 12, 1992)",21.0,0,0,0,0,1,2116
CHRISTIAN.DJOOS,WSH,"(6, 8, 1994)",19.0,0,0,0,0,1,2122
CHANDLER.STEPHENSON,WSH,"(22, 4, 1994)",20.0,0,1,1,0,0,2125
JOSH.ARCHIBALD,ARI,"(6, 10, 1992)",21.0,1,0,0,1,0,2126
JAKE.DOTCHIN,ANA,"(24, 3, 1994)",20.0,1,0,0,0,1,2128
BORNA.RENDULIC,-,"(25, 3, 1992)",22.0,1,0,0,1,0,2129
PATRICK.BROWN,CAR,"(29, 5, 1992)",22.0,1,1,0,1,0,2130
PONTUS.ABERG,MIN,"(23, 9, 1993)",20.0,1,0,1,1,0,2139
CONNOR.BRICKLEY,NYR,"(25, 2, 1992)",22.0,0,1,1,1,0,2141
DANIEL.CARR,VGK,"(1, 11, 1991)",22.0,0,0,1,0,0,2142
ROCCO.GRIMALDI,NSH,"(8, 2, 1993)",21.0,1,0,0,1,0,2143
BRIAN.FERLIN,-,"(3, 6, 1992)",22.0,1,0,0,1,0,2146
MAX.MCCORMICK,COL,"(1, 5, 1992)",22.0,0,0,1,0,0,2153
MACKENZIE.WEEGAR,FLA,"(7, 1, 1994)",20.0,1,0,0,0,1,2154
JASON.DICKINSON,DAL,"(4, 7, 1995)",18.0,0,1,0,0,0,2159
DENNIS.EVERBERG,-,"(31, 12, 1991)",22.0,0,0,0,1,0,2161
OSKAR.SUNDQVIST,STL,"(23, 3, 1994)",20.0,1,1,0,1,0,2163
NICHOLAS.BAPTISTE,TOR,"(4, 8, 1995)",18.0,1,0,0,1,0,2164
GEMEL.SMITH,BOS,"(16, 4, 1994)",20.0,0,1,0,0,0,2168
TOMAS.NOSEK,VGK,"(1, 9, 1992)",21.0,0,0,1,1,0,2170
DENNIS.RASMUSSEN,-,"(3, 7, 1990)",23.0,0,1,0,0,0,2171
PIERRE-EDOUARD.BELLEMARE,VGK,"(6, 3, 1985)",29.0,0,1,1,0,0,2172
IIRO.PAKARINEN,-,"(25, 8, 1991)",22.0,1,0,0,1,0,2173
MARTIN.HAVLAT,-,"(19, 4, 1981)",33.0,0,0,1,0,0,2177
KAEL.MOUILLIERAT,-,"(9, 12, 1987)",26.0,0,0,1,0,0,2178
JUSTIN.HODGMAN,-,"(27, 6, 1988)",26.0,1,1,0,0,0,2179
ANTON.VOLCHENKOV,-,"(25, 2, 1982)",32.0,0,0,0,0,1,2182
RINAT.VALIEV,CGY,"(11, 5, 1995)",19.0,0,0,0,0,1,2184
DAVID.BOOTH,-,"(24, 11, 1984)",29.0,0,0,1,0,0,2192
SAM.BENNETT,CGY,"(20, 6, 1996)",18.0,0,1,1,1,0,2195
NATHAN.WALKER,WSH,"(7, 2, 1994)",20.0,0,0,1,0,0,2196
ROBBY.FABBRI,STL,"(22, 1, 1996)",18.0,0,1,1,0,0,2199
RYAN.MALONE,-,"(1, 12, 1979)",34.0,0,0,1,0,0,2200
REMI.ELIE,BUF,"(16, 4, 1995)",19.0,0,0,1,0,0,2208
JUSTIN.BAILEY,PHI,"(1, 7, 1995)",18.0,1,0,0,1,0,2215
JOSEPH.BLANDISI,PIT,"(18, 7, 1994)",19.0,0,1,0,0,0,2222
CASEY.BAILEY,-,"(27, 10, 1991)",22.0,1,1,0,0,0,2224
ANDREW.COPP,WPG,"(8, 7, 1994)",19.0,0,1,1,0,0,2227
KRIS.NEWBURY,-,"(19, 2, 1982)",32.0,0,1,0,0,0,2228
DILLON.HEATHERINGTON,DAL,"(9, 5, 1995)",20.0,0,0,0,0,1,2229
DANICK.MARTEL,TBL,"(12, 12, 1994)",20.0,0,0,1,0,0,2233
BEN.HUTTON,VAN,"(20, 4, 1993)",22.0,0,0,0,0,1,2236
NIKITA.SOSHNIKOV,STL,"(14, 10, 1993)",21.0,0,0,0,1,0,2238
JOAKIM.RYAN,SJS,"(17, 6, 1993)",22.0,0,0,0,0,1,2243
JONNY.BRODZINSKI,LAK,"(19, 6, 1993)",22.0,1,1,0,0,0,2249
TANNER.KERO,VAN,"(24, 7, 1992)",22.0,0,1,0,0,0,2251
GARNET.HATHAWAY,CGY,"(23, 11, 1991)",23.0,1,0,1,1,0,2255
EVAN.RODRIGUES,BUF,"(28, 7, 1993)",21.0,1,1,1,0,0,2260
ARTEMI.PANARIN,CBJ,"(30, 10, 1991)",23.0,1,0,1,0,0,2263
JOSEPH.LABATE,-,"(16, 4, 1993)",22.0,0,0,1,0,0,2265
ANDREAS.MARTINSEN,CHI,"(13, 6, 1990)",25.0,0,1,0,0,0,2266
JOONAS.DONSKOI,SJS,"(13, 4, 1992)",23.0,1,0,0,1,0,2270
JAKUB.NAKLADAL,-,"(30, 12, 1987)",27.0,1,0,0,0,1,2271
BLAKE.PIETILA,NJD,"(20, 2, 1993)",22.0,0,1,0,1,0,2274
CHASE.BALISY,OTT,"(2, 2, 1992)",23.0,0,1,0,0,0,2280
NOEL.ACCIARI,BOS,"(1, 12, 1991)",23.0,1,1,0,1,0,2282
ANDREAS.JOHNSSON,TOR,"(21, 11, 1994)",20.0,0,0,1,0,0,2283
TOBIAS.LINDBERG,VGK,"(22, 7, 1995)",19.0,0,0,1,0,0,2289
MIKE.REILLY,MTL,"(13, 7, 1993)",21.0,0,0,0,0,1,2292
DAKOTA.MERMIS,ARI,"(5, 1, 1994)",21.0,0,0,0,0,1,2293
TREVOR.MURPHY,ANA,"(17, 7, 1995)",19.0,0,0,0,0,1,2317
MIKE.RICHARDS,-,"(11, 2, 1985)",30,0,1,0,0,0,2329
HUDSON.FASCHING,ARI,"(28, 7, 1995)",19,1,0,0,1,0,2331
BRANDON.TANEV,WPG,"(31, 12, 1991)",23,0,0,1,1,0,2332
KEVIN.GRAVEL,EDM,"(6, 3, 1992)",24.0,0,0,0,0,1,2333
NICK.LAPPIN,NJD,"(1, 11, 1992)",23.0,1,0,0,1,0,2338
TEDDY.BLUEGER,PIT,"(15, 8, 1994)",21.0,0,1,1,0,0,2347
KALLE.KOSSILA,ANA,"(14, 4, 1993)",23.0,0,1,0,0,0,2356
ROB.O'GARA,NYR,"(6, 7, 1993)",22.0,0,0,0,0,1,2359
ANDY.WELINSKI,ANA,"(27, 4, 1993)",23.0,1,0,0,0,1,2367
KEVIN.ROY,ANA,"(20, 5, 1993)",23.0,0,1,1,0,0,2370
JAKE.CHELIOS,-,"(8, 3, 1991)",25.0,0,0,0,0,1,2378
TIM.HEED,SJS,"(27, 1, 1991)",25.0,1,0,0,0,1,2390
YOHANN.AUVITU,-,"(27, 7, 1989)",26.0,0,0,1,0,1,2398
WADE.MEGAN,DET,"(22, 7, 1990)",25.0,0,1,0,0,0,2409
JOHN.GILMOUR,NYR,"(17, 5, 1993)",23.0,0,0,0,0,1,2420
MICHAEL.KAPLA,MIN,"(19, 9, 1994)",21.0,0,0,0,0,1,2427
C.J..SMITH,BUF,"(1, 12, 1994)",21.0,0,0,1,0,0,2428
JAKUB.JERABEK,-,"(12, 5, 1991)",26.0,0,0,0,0,1,2458
OSCAR.FANTENBERG,CGY,"(7, 10, 1991)",25.0,0,0,0,0,1,2461
MARIO.KEMPE,ARI,"(19, 9, 1988)",28.0,0,1,1,0,0,2463
TOMAS.HYKA,VGK,"(23, 3, 1993)",24.0,1,0,0,1,0,2469
KYLE.CRISCUOLO,BUF,"(5, 5, 1992)",25.0,1,1,0,0,0,2473
BOGDAN.KISELEVICH,WPG,"(14, 2, 1990)",28.0,0,0,0,0,1,2504
